phrase,tension,source_post_ids
"""AI creates jobs"" backlash",macro_layoffs_displacement,1lzl3hx
"""culture fit"" cover for mismatch",softskill_culturefit_unmeasured,1rrvc7e
"""we"" vs individual contribution test",vague_rejections,1rx0zy0
$100k H-1B visa fee,macro_layoffs_displacement,1nlffj7
$19 to $570k trajectory,it_career_advice,1u2eac7
$2M exit 32 years,smallbiz_ops,1mc4kly
$300 resume tailoring services,ai_resume_flood,1skes0r
$70k startup capital options,smallbiz_ops,1otuw7c
0 YOE entry point,it_career_advice,1r7of81
1% interview rate,ai_resume_flood,1nhwbhc
1-star review retaliation,workplace_misconduct_hr,1qdmgaj
100 applications drought,macro_layoffs_displacement,1n74jad
103 resume versions,misc,1s04ili
150 applications daily,it_career_advice,1qqd37p
150% targets buys bad behavior,manager_people_mgmt,1slijiq
1500 applications to land job,ghost_jobs,1o9erjz
1670 resumes to get hired,misc,1u1lbfc
2% raise insults high performer,manager_people_mgmt,1qiwdqa
200 employees at risk,smallbiz_ops,1mywp7p
2000 applications sent,ai_resume_flood,1nhwbhc
20k to 162k no degree no certs,degree_vs_skills,1mj3ihg
25 cold messages sent,misc,1sm6a4c
25% no-show rate losses,smallbiz_ops,1rb2lh4
28 days free labor,unpaid_freework,1p8k684
30 percent unit reduction,macro_layoffs_displacement,1s8qy30
40% price increase results,smallbiz_ops,1rcbykx
4000 apps no job,macro_layoffs_displacement,1t3gbbu
5 applications to first IT job,it_career_advice,1nd3ija
5% promotion insult,workplace_misconduct_hr,1m1zole
5-month job search,misc,1r8ckd2
50% revenue single nightmare client,smallbiz_ops,1o8zqpq
50-plus layoff job search,macro_layoffs_displacement,1n74jad
90 percent tech team laid off,macro_layoffs_displacement,1u81t0h
A+ low value,it_career_advice,1tlnxwa
ADA accommodation for teacher,workplace_misconduct_hr,1n0wf37
ADA accommodation request,workplace_misconduct_hr,1poemw0
ADA interactive process,workplace_misconduct_hr,1njgtwo
AI PR reply resentment,ai_code_quality_decay,1nq5npn
AI agent completed Jira ticket,macro_layoffs_displacement,1m1uw9v
AI before algorithms,leetcode_broken_technical,1lnu6v8
AI bubble like dotcom,macro_layoffs_displacement,1n6nk56
AI budget cannibalizing headcount,macro_layoffs_displacement,1mvid8s
AI candidate impersonation,ai_interview_cheating,1o2kjdo
AI cheating in interviews,ai_interview_cheating,1mlgwky
AI code nobody owns,ai_code_quality_decay,1towli9
AI doom loop applications,ai_resume_flood,1mmx040
AI engineers still needed,macro_layoffs_displacement,1slp30t
AI ethics vacuum in tech,macro_layoffs_displacement,1mdcl9n
AI excels at small discrete tasks,macro_layoffs_displacement,1m1uw9v
AI grad cannot find job,macro_layoffs_displacement,1mtwz4c
AI killed junior roles,degree_vs_skills,1rh0kou
AI lowers moat barriers,startup_founder,1oo7d07
AI makes devs slower,ai_code_quality_decay,1lwk503
AI not replacing engineers yet,ai_interview_cheating,1mk8zj6
AI offloading reduces code intimacy,macro_layoffs_displacement,1r89vhp
AI raised hiring bar,ai_resume_flood,1r89r35
AI recruiter tools overhyped,misc,1nxapg9
AI reduces code comprehension,macro_layoffs_displacement,1rnkv2t
AI regenerating not debugging,macro_layoffs_displacement,1rteomh
AI replacement fear,unrealistic_requirements,1pclgy1
AI replaces learning,macro_layoffs_displacement,1mrfgm2
AI roles spike salary,it_career_advice,1u2eac7
AI slop from non-coders,ai_code_quality_decay,1r6olcv
AI tone-softening blunt HR messages,macro_layoffs_displacement,1qei6om
AI tool dependency,ai_code_quality_decay,1nbykth
AI tools coaching candidates live,ai_interview_cheating,1oec07f
AI use disclosure required,pay_transparency,1o5w834
AI video interview bait-and-switch,comp_bait_switch,1qcxr5v
AI-approved PR caused race condition,macro_layoffs_displacement,1tkccsi
AI-drafted employee complaints,workplace_misconduct_hr,1s0fm90
AI-efficiency language masking layoffs,macro_layoffs_displacement,1tchmgq
AI-enabled restructuring,macro_layoffs_displacement,1u81t0h
AI-filtered applications,ai_resume_flood,1lx796l
AI-generated codebase cleanup,ai_code_quality_decay,1mg2r6y
AI-generated message accepted,ai_resume_flood,1ta5a5o
AI-generated resume noise,ai_resume_flood,1ofji17
AI-generated vendor spam posts,workplace_misconduct_hr,1r6efr9
AI-polished pitches masking weak answers,ai_interview_cheating,1q63i3f
AI-written CVs undifferentiated,ai_resume_flood,1rcb8hp
AI-yolod into prod,macro_layoffs_displacement,1tysnmi
API key exposed by design,manager_people_mgmt,1twro01
ATS GPA cutoff filters,ats_keyword_filter,1tgx4y4
ATS can't parse text boxes,ats_keyword_filter,1pc53zq
ATS first-in first-out,ats_keyword_filter,1n3reu8
ATS forces jargon,ats_keyword_filter,1o1b9ak
ATS keyword filtering,ats_keyword_filter,1o01gie
ATS keyword invisibility,ats_keyword_filter,1r32a25
ATS keyword mismatch,ats_keyword_filter,1ms8qvp
AWS outage helplessness,manager_people_mgmt,1obonv6
Amazon 16k on top of 14k layoffs,macro_layoffs_displacement,1qpcc2d
Amazon 30k layoffs,macro_layoffs_displacement,1ohnh7q
Anthropic hiring despite AI doom,macro_layoffs_displacement,1slp30t
Bezos media capture,misc,1rlgqir
Boston market career map,degree_vs_skills,1mj3ihg
CCNA higher ROI than trifecta,it_career_advice,1tlnxwa
CEO and CPO caught cheating,ai_interview_cheating,1m2dpgy
CEO coding contradiction,macro_layoffs_displacement,1slp30t
CEO out of touch,misc,1muz9kp
CFO $29.5M same call as headcount cuts,macro_layoffs_displacement,1tchmgq
CS degree devalued,degree_vs_skills,1rh0kou
CS degree market broken,degree_vs_skills,1mcop22
CS degree reset passwords all day,it_career_advice,1psmdby
CS enrollment dropping fastest,macro_layoffs_displacement,1sxyx3n
CS grad pivots to IT support,it_career_advice,1lptmof
CS grads double unemployment rate,ai_resume_flood,1mmx040
CS job scarcity,macro_layoffs_displacement,1ovx9nr
CTO wrote entire codebase alone,startup_founder,1r7z763
CV specificity over keywords,ai_resume_flood,1rcb8hp
ChatGPT 5 marginal improvement,ai_interview_cheating,1mk8zj6
ChatGPT app store empty opportunity,ai_interview_cheating,1p08qzv
ChatGPT detected live during interview,ai_interview_cheating,1mrg1k0
Chinese researchers dominate AI,macro_layoffs_displacement,1lsktlz
CompTIA price hikes hurt beginners,it_career_advice,1tlnxwa
Congress unlikely to act,macro_layoffs_displacement,1ma4i05
Craig passed over for promotion,manager_people_mgmt,1ohipo8
EQ invisible until hired,ats_keyword_filter,1oe8him
EVP judging VP on jeans,misc,1n2s22u
FAANG layoff competition floods market,macro_layoffs_displacement,1po0gip
FAANG no longer stable career,macro_layoffs_displacement,1lpwy62
FAANG pay ceiling,macro_layoffs_displacement,1ogsqs4
FMLA protection,workplace_misconduct_hr,1qfjv5y
Fortune 50 remote role,it_career_advice,1qqdcbh
Friday application dump,ai_resume_flood,1qxg9vv
GPA rounding ethics,ats_keyword_filter,1tgx4y4
GPU vs CPU training speedup,macro_layoffs_displacement,1p2l3y8
Gen Z flooding trades,it_career_advice,1lrskmr
Gen Z thrives without micromanagement,manager_people_mgmt,1mddh04
GitHub outreach beats LinkedIn,ats_keyword_filter,1t07sz5
Google Cloud project suspension,manager_people_mgmt,1twro01
Google Maps flagging,smallbiz_ops,1okn7vb
H-1B policy unpredictability,macro_layoffs_displacement,1nno6ei
H1-B fee hike impact,macro_layoffs_displacement,1nln213
H1B abuse after mass layoffs,macro_layoffs_displacement,1m25nxx
H1B fee kills startup hiring,macro_layoffs_displacement,1nlnu7z
H1B offshoring cited,degree_vs_skills,1rfzdko
HR added to performance review,workplace_misconduct_hr,1rbmab1
HR blamed for everything management decides,workplace_misconduct_hr,1pvey5r
HR brushes off complaint,workplace_misconduct_hr,1me3laj
HR can't do April Fools,workplace_misconduct_hr,1s9sak7
HR disclosed resignation reason,workplace_misconduct_hr,1ndxmta
HR doubled down on error,misc,1sbkgxi
HR exec blacklisted,workplace_misconduct_hr,1rykl1t
HR filters resume,degree_vs_skills,1qzk4sj
HR forces commute,macro_layoffs_displacement,1mknxjx
HR froze under legal pressure,workplace_misconduct_hr,1slf670
HR jargon applied to personal life,manager_people_mgmt,1sckmxd
HR perceived as useless,workplace_misconduct_hr,1qfq40e
HR policing PTO usage,manager_people_mgmt,1o3ma5d
HR report for revenge,workplace_misconduct_hr,1u3i8f5
HR walked out on revenue question,startup_founder,1tcvmhu
IC role pays more now,manager_people_mgmt,1lofy1t
IC vs manager mismatch,manager_people_mgmt,1mha63e
IC work consuming manager time,macro_layoffs_displacement,1mhnd12
IT career cliff after 40,age_discrimination,1nv4vkb
IT logs expose remote cheating,ai_interview_cheating,1sfxnau
Indian job market oversupply,macro_layoffs_displacement,1nln213
Ivy League networking advantage,startup_founder,1ostbi4
Karpathy course hype,macro_layoffs_displacement,1mwf5cc
LATAM remote job search friction,it_career_advice,1nmapst
LLM hitting capability ceiling,ai_interview_cheating,1mk8zj6
LLM-native distribution shift,ai_interview_cheating,1p08qzv
LeetCode pointless gatekeeping,leetcode_broken_technical,1tc02xm
Leetcode grind no mentorship,degree_vs_skills,1mcop22
Leetcode grind not landing jobs,leetcode_broken_technical,1nhbs59
LinkedIn Easy Apply black hole,ghost_jobs,1ti8s8h
LinkedIn InMail response collapse,misc,1r83w9l
LinkedIn Recruiter broken filters,misc,1n50dxd
LinkedIn broken for job search,misc,1rtxijj
LinkedIn cold outreach,ai_resume_flood,1ta5a5o
LinkedIn hatred,misc,1r1c3h0
LinkedIn hiring manager outreach,manager_people_mgmt,1ra48qc
LinkedIn less than 10,misc,1mt0ekr
ME and EE absorbing overflow,macro_layoffs_displacement,1sxyx3n
McDonald's rejection,misc,1s04ili
Meta 20 percent AI pivot layoffs,macro_layoffs_displacement,1rt62gb
Meta Reality Labs 1500 layoffs,macro_layoffs_displacement,1qc7ake
Meta poaching OpenAI talent,macro_layoffs_displacement,1lsktlz
Microsoft AI-first restructuring,macro_layoffs_displacement,1lzl3hx
Microsoft laying off while hiring foreign labor cheap,macro_layoffs_displacement,1m25nxx
Microsoft layoffs normalized,macro_layoffs_displacement,1lpwy62
MySpace bad UX and autoplaying music killed it,startup_founder,1lq1axg
NASA intern still rejected,macro_layoffs_displacement,1po0gip
NBA over SWE job,macro_layoffs_displacement,1ovx9nr
North Korean fake candidates,remote_identity_fraud,1nhx4x6
North Korean fake candidates passing screening,remote_identity_fraud,1t3jwmw
North Korean identity fraud hired,remote_identity_fraud,1udssl4
Ohio market still open,it_career_advice,1nd3ija
Oracle 30k terminated,macro_layoffs_displacement,1s9bz1x
Oracle mass layoff,macro_layoffs_displacement,1tvg8jn
PIP for single absence,manager_people_mgmt,1mnzqxl
PIPs always end in firing,manager_people_mgmt,1nxxj9a
PNG problem,workplace_misconduct_hr,1p6gglk
PR agency 80% is executable internally,startup_founder,1rn45nz
PR review by non-authors,ai_code_quality_decay,1towli9
Print vs Save PDF difference,ats_keyword_filter,1pc53zq
QR code game project,macro_layoffs_displacement,1m952bp
RTI ignored,macro_layoffs_displacement,1oft1b5
RTO forces childcare impossible conflict,manager_people_mgmt,1rgqxh2
SHRM credibility collapse,workplace_misconduct_hr,1pfc8cw
SHRM racial discrimination verdict,workplace_misconduct_hr,1pfc8cw
SPHR passed last-minute,workplace_misconduct_hr,1tpfie6
STEM degree worthless now,degree_vs_skills,1qwkjfg
SWE vs ML relevance,macro_layoffs_displacement,1mwf5cc
SaaS startup bet lost everything,startup_founder,1sczfjo
Singapore company registration efficiency,startup_founder,1oi1zhr
Stanford grad unemployed,macro_layoffs_displacement,1ovx9nr
Trump stop hiring Indians,macro_layoffs_displacement,1m7zvlx
UK recruitment market downturn,misc,1mia8v9
US roles disappearing,macro_layoffs_displacement,1lpe76e
UX dishonesty that worked,ai_code_quality_decay,1se1g7m
VC access without pitching,manager_people_mgmt,1nwkp7n
W-2 season HR chaos,workplace_misconduct_hr,1q3g8zb
WFH employee faking logged hours,ai_interview_cheating,1sfxnau
Windows-only dev policy,macro_layoffs_displacement,1lyjs8d
YC startups automating unwanted tasks,startup_founder,1lw14u1
YC-backed compliance fraud,startup_founder,1rz15ui
absurd rejection criteria,vague_rejections,1n0yysn
abusive interviewer demanding unpaid overtime,workplace_misconduct_hr,1pbh79a
accept new role or fired,overemployment_remote_trust,1r0hbs3
accidentally inflated GPA,resume_lying,1t47ng7
accidentally saw termination email,workplace_misconduct_hr,1mc1byh
accrual vs approval gap,workplace_misconduct_hr,1s3xvix
affair caught on camera,workplace_misconduct_hr,1rykl1t
after-hours work calls,manager_people_mgmt,1pfnn0x
age discrimination suspicion,age_discrimination,1ra7mwd
age-restricted job posting,age_discrimination,1lw0f9a
agile ritual vs reality,ai_code_quality_decay,1nbfh94
all-male termination panel complaint,workplace_misconduct_hr,1o7drib
ambitious new hire overstepping,manager_people_mgmt,1oe522u
anonymous email accusing new hire of fraud,ai_interview_cheating,1roalg0
anti-poaching control tactic,misc,1ne318p
appearance mocked off-record,workplace_misconduct_hr,1sekapw
applicant felt seen by recruiter,misc,1qgf4p1
application viewed three years later,misc,1syi8l7
apply at 7am hack,ats_keyword_filter,1n3reu8
applying while overqualified,ats_keyword_filter,1ms8qvp
approved PTO clawed back,workplace_misconduct_hr,1s3xvix
architecture is people skills,ai_code_quality_decay,1tqfcfj
arms race between recruiter and candidate AI,ai_interview_cheating,1oec07f
arrogant candidate rejected,softskill_culturefit_unmeasured,1ssm4am
ask for 100k every interview,it_career_advice,1odeha1
asked to lie to spouse,workplace_misconduct_hr,1rueh11
asking about top performer traits,misc,1nhk08h
asking salary triggering interviewer hostility,pay_transparency,1lv8vjn
authenticity over performance,softskill_culturefit_unmeasured,1r2q6ni
autistic authentic brand resonance,smallbiz_ops,1o3qimp
backdoor connections beat applications,misc,1oqvlzf
backstabbing to skip manager,workplace_misconduct_hr,1nihrir
backup candidate holding pattern,misc,1psasvo
backup candidate needed,slow_hiring_process,1sk3urh
bad AI legal advice,workplace_misconduct_hr,1s0fm90
bad boss culture toll,workplace_misconduct_hr,1qis6wa
bad client killed relationship,smallbiz_ops,1qfdosp
bad interview question,resume_gaps,1m88t4b
bait-and-switch after three months,comp_bait_switch,1nt8eko
bait-and-switch job posting,comp_bait_switch,1o36mjj
bait-and-switch posting,comp_bait_switch,1t606n3
became manager for money only,manager_people_mgmt,1lofy1t
below-market salary expectations,slow_hiring_process,1tpvitj
benefits use blocks promotion,manager_people_mgmt,1ohipo8
big tech offer after grinding,manager_people_mgmt,1ozlobb
big tech talent moat advantage,macro_layoffs_displacement,1nlnu7z
billing limits silently raised,manager_people_mgmt,1twro01
billion-dollar company reverse engineering,smallbiz_ops,1poaanl
billionaire wealth tax,misc,1rlgqir
biting the hand that feeds,smallbiz_ops,1o5mfjm
bizarre resume interests,workplace_misconduct_hr,1qqb9kh
blank background instruction ignored,workplace_misconduct_hr,1n5ohbj
blanking on syntax mid-interview,leetcode_broken_technical,1rqjc77
bloated mobile PDF apps,macro_layoffs_displacement,1qcvz7o
bloated process signals slow decision-making,interview_rounds,1seq609
blockers never surfaced publicly,ai_code_quality_decay,1nbfh94
blunt unsolicited feedback,manager_people_mgmt,1qr7m2m
bookkeeper missed fraud months,smallbiz_ops,1pdax88
borderline illegal questions,resume_gaps,1tft2mv
boss affair with wife,workplace_misconduct_hr,1u3i8f5
boss harvests employee blood,ats_keyword_filter,1mpbrm4
boss reversed PTO denial,workplace_misconduct_hr,1qqfgk4
boss-employee dinner questioned,workplace_misconduct_hr,1pwqnax
bot-reporting subreddit attacks,smallbiz_ops,1ot2azu
bots replacing human judgment,misc,1nxapg9
boutique chain inventory risk,smallbiz_ops,1mk3we6
brag doc shipping discipline,macro_layoffs_displacement,1pwfx9l
brag doc weekly habit,manager_people_mgmt,1n7zuba
brain drain reversal,macro_layoffs_displacement,1nln213
brain fart gets pass,leetcode_broken_technical,1rqjc77
broken AI-built MVPs,ai_code_quality_decay,1o29tge
broken ankle no return allowed,workplace_misconduct_hr,1n0wf37
broken interview structure rewarding memorization,ai_interview_cheating,1r5my44
budget blocked approved raise,manager_people_mgmt,1np3o82
budget cuts slow output,misc,1r5kxed
build in public feedback experiment,manager_people_mgmt,1nwkp7n
bureaucracy bottlenecks shipping,ai_code_quality_decay,1r6olcv
burning bridges bluster,ats_keyword_filter,1pdar5o
burnout question reveal,misc,1s1f90b
burying senior accomplishments,startup_founder,1p6f8zb
business-wide slowdown 2025,smallbiz_ops,1tbfwum
buying fake Google reviews,smallbiz_ops,1okn7vb
bypassed usage limit,ai_code_quality_decay,1mtzb36
bystander effect emergency failure,manager_people_mgmt,1n2n5at
callback rate tripled,age_discrimination,1s9ikc5
camera refusal hiding fake candidate,ai_interview_cheating,1o96fg4
can't promote deserving employee,manager_people_mgmt,1np3o82
candidate accepts rival offer days before start,slow_hiring_process,1sk3urh
candidate asks if interviewer pregnant,softskill_culturefit_unmeasured,1s7tjj2
candidate dress code rejection,misc,1n2s22u
candidate impersonation concerns,ai_interview_cheating,1roalg0
candidate lost during manager delay,slow_hiring_process,1m6gk8x
"candidate rejected as ""too perfect""",vague_rejections,1n11xse
candidate rejecting company,interview_rounds,1n1sfym
candidate withdrawing after serial ghosting on offer,interview_rounds,1nq7ns4
candidates reading AI responses on screen,ai_interview_cheating,1oec07f
candidates rejected for knowing their worth,pay_transparency,1s56uty
candidates withdrawing mid-process,misc,1u7zqlt
career damage fear,workplace_misconduct_hr,1otzyf2
career fairs waste time,leetcode_broken_technical,1tc02xm
career gaps over-penalized,resume_gaps,1nz1ivd
career meta vs actual work,macro_layoffs_displacement,1pwfx9l
career switcher unemployed,macro_layoffs_displacement,1meq3lv
cash flow panic solo business,smallbiz_ops,1oez2al
cert plus helpdesk pivot works,degree_vs_skills,1mbz88x
cheating via screen share caught,ai_interview_cheating,1r5my44
childhood nostalgia bait,macro_layoffs_displacement,1mgm08w
clean code dismissed,macro_layoffs_displacement,1mrfgm2
"client ""nickel and diming"" accusation",workplace_misconduct_hr,1qdmgaj
client demanding 50% fee cut,smallbiz_ops,1n95sty
client lied about finances,smallbiz_ops,1p17d8b
client refusing salary negotiation,slow_hiring_process,1potj30
clients ghosting en masse,smallbiz_ops,1tbfwum
clients shifting away from H-1B,macro_layoffs_displacement,1nno6ei
closing store for funeral,misc,1rvha36
co-founder conflict ousted CTO,startup_founder,1nxsiwd
co-founder conflict over deadlines,startup_founder,1r7z763
coaching program worthwhile question,smallbiz_ops,1mc4kly
code review trust collapse,ai_code_quality_decay,1nq5npn
coding is the easy part,ai_code_quality_decay,1on84au
coding pivot scam,macro_layoffs_displacement,1meq3lv
coffee chat networking,misc,1sm6a4c
cognitive burden dumped,ai_code_quality_decay,1nq5npn
cold layoff email 6am,macro_layoffs_displacement,1s8qy30
cold message backfire,manager_people_mgmt,1ra48qc
colleague can't troubleshoot independently,workplace_misconduct_hr,1p6gglk
college advice proved wrong,unrealistic_requirements,1ql25o4
college credential theatre,degree_vs_skills,1ufbwvp
commission structure cuts,misc,1mia8v9
commission structure impossible to hit,comp_bait_switch,1opbf1c
communication clarity as hiring signal,ai_resume_flood,1ofji17
communication over code,ai_interview_cheating,1r5my44
companies hiding pay ranges,pay_transparency,1lv8vjn
companies hired India same day,macro_layoffs_displacement,1m7zvlx
companies silencing critical posts,smallbiz_ops,1ot2azu
competitor ordered product to copy,smallbiz_ops,1poaanl
compliance over qualification,degree_vs_skills,1ufbwvp
confidentiality breach,workplace_misconduct_hr,1ndxmta
confirmation receipt email,misc,1qxizav
conflict of interest in HR investigation,ai_interview_cheating,1m2dpgy
consistent grind over years,it_career_advice,1sbxjcc
constant fear of arbitrary cuts,macro_layoffs_displacement,1lpwy62
context-based sourcing,ats_keyword_filter,1t07sz5
corporate word salad resumes,ats_keyword_filter,1o1b9ak
corporate-speak as emotional labor outsourcing,macro_layoffs_displacement,1qei6om
costume required for interview,misc,1u6i4gf
counteroffer met with guilt trip,misc,1rv81ia
coverage and output concerns,startup_founder,1mi8vnz
covered remote while on leave,workplace_misconduct_hr,1qqfgk4
cow painting disqualified,workplace_misconduct_hr,1n5ohbj
coworker breaks into locked office,workplace_misconduct_hr,1q4l32f
coworker confrontation,workplace_misconduct_hr,1ndxmta
coworker resents others taking leave,workplace_misconduct_hr,1n7eahh
coworkers stop talking after layoff,macro_layoffs_displacement,1roudce
craft unrewarded at work,ai_code_quality_decay,1sgcy1e
cron job killed latency,ai_code_quality_decay,1tqfcfj
culture fit disqualifier,softskill_culturefit_unmeasured,1s7tjj2
culture fit hiring,softskill_culturefit_unmeasured,1ssm4am
custom compression algorithm,macro_layoffs_displacement,1m952bp
customer discovery skipped,startup_founder,1lw14u1
customer feedback beats advisors,ats_keyword_filter,1t4i6pw
daily DSA grind recovery,macro_layoffs_displacement,1tvg8jn
daily office during notice period,macro_layoffs_displacement,1mknxjx
data center as career launchpad,it_career_advice,1r7of81
dating app slow then accelerating growth,startup_founder,1q0flx5
debt-driven workforce cuts,macro_layoffs_displacement,1s8qy30
deceptive compensation,comp_bait_switch,1opbf1c
declined overtime politely,workplace_misconduct_hr,1mbf6iu
degree ROI depends on tier,startup_founder,1ostbi4
degree and certs still jobless,degree_vs_skills,1rfzdko
degree required bias,degree_vs_skills,1qzk4sj
degree requirement blocking experienced candidates,degree_vs_skills,1nm3z9c
degree-not-required paradox,degree_vs_skills,1ufbwvp
degree-only assumption fails,degree_vs_skills,1mbz88x
demanding clients haggle most,smallbiz_ops,1od7j5k
demanding clients least profitable,smallbiz_ops,1rcbykx
dental no-show lost revenue,smallbiz_ops,1rm6jq3
deodorizer product request,smallbiz_ops,1n8j5r6
department moving to India,macro_layoffs_displacement,1oq74un
desk job mental health crisis,smallbiz_ops,1otuw7c
detection liability gap,ai_interview_cheating,1mlgwky
dev tool preferences,macro_layoffs_displacement,1lyjs8d
developer drought,misc,1r8ckd2
developer outreach saturation,misc,1r83w9l
devs burning out to prove AI productivity,macro_layoffs_displacement,1rt62gb
discriminatory rejection reason,vague_rejections,1my63u8
disengaged junior devs,macro_layoffs_displacement,1mrfgm2
dismissed HR's finding,workplace_misconduct_hr,1noofdl
dismissive gendered behavior in interview,misc,1pq5gaz
dismissive senior leadership,misc,1no2id4
distribution the only remaining moat,startup_founder,1oo7d07
do not respond advice,workplace_misconduct_hr,1u0ub56
doctor's note WFH denied,workplace_misconduct_hr,1njgtwo
doing coworker's job,workplace_misconduct_hr,1p6gglk
dollar-to-INR salary arbitrage,smallbiz_ops,1q3g7to
domestic talent shortage,macro_layoffs_displacement,1nlffj7
dry job market while company dies,startup_founder,1nxsiwd
early W-2 requests flooding HR,workplace_misconduct_hr,1qc5srv
early applicant priority,misc,1mt0ekr
earned media for early startups,startup_founder,1rn45nz
earned pay taken back,workplace_misconduct_hr,1mwgs0e
economy freezing new contracts,smallbiz_ops,1tbfwum
education jargon blocks corporate switch,misc,1ohexl2
eight interviews over six months,interview_rounds,1nq7ns4
eighteen months unemployed,misc,1u1lbfc
elite AI researcher hiring,macro_layoffs_displacement,1lsktlz
elite college hypocrisy,startup_founder,1ostbi4
embellishment vs. outright lying,resume_lying,1ttrt35
empathetic interviewing,misc,1nlcxvf
employee angry at peer's PTO,workplace_misconduct_hr,1n7eahh
employee conducted own hygiene investigation,workplace_misconduct_hr,1noofdl
employee flirting with HR,workplace_misconduct_hr,1r9403h
employee of month meaningless,manager_people_mgmt,1qiwdqa
employee quit when caught,smallbiz_ops,1pdax88
employee self-relocates without notice,workplace_misconduct_hr,1qqb9kh
employee skipping PTO entry,overemployment_remote_trust,1rai4g9
employee suspected working two jobs,overemployment_remote_trust,1nq97gf
employee wants to shadow manager,manager_people_mgmt,1oe522u
employees fear giving negative feedback,manager_people_mgmt,1nbkvnc
employees feared physical retaliation post-firing,workplace_misconduct_hr,1noh7z3
employees forgot their mailing address,workplace_misconduct_hr,1q3g8zb
employees ignoring self-service portals,workplace_misconduct_hr,1qc5srv
employer demands LinkedIn hibernation,misc,1ne318p
employer ghosting candidates,pay_transparency,1o5w834
employer market reality,it_career_advice,1pzw57g
employer market undercuts that advice,it_career_advice,1odeha1
employer respects grieving workers,misc,1rvha36
employer withholds final pay,workplace_misconduct_hr,1o6ib5n
employer-sanctioned title inflation,manager_people_mgmt,1pig7u1
end-of-interview question,misc,1rvnpnf
engineering culture attrition,manager_people_mgmt,1n5xc3s
engineers detached from social contract,macro_layoffs_displacement,1mdcl9n
enjoyment vs pain business split,startup_founder,1sivput
enshittification accelerating,macro_layoffs_displacement,1mdcl9n
entire cohort underemployed,macro_layoffs_displacement,1mtwz4c
entitlement after free handouts,smallbiz_ops,1o5mfjm
entry-level IT jobs disappearing,degree_vs_skills,1rfzdko
entry-level experience paradox,unrealistic_requirements,1rsl4uv
entry-level now requires experience,unrealistic_requirements,1ql25o4
entry-level pay below retail,it_career_advice,1pzw57g
entry-level six-figure myth,ai_resume_flood,1ma04es
entry-level wants decision authority,manager_people_mgmt,1oe522u
environment over role,softskill_culturefit_unmeasured,1rrvc7e
equity surrendered at exit,startup_founder,1r7z763
essential complexity ignored,ai_code_quality_decay,1on84au
ex-Amazonian entitlement,macro_layoffs_displacement,1omx86l
exact job title match,ats_keyword_filter,1r32a25
exam is reading comprehension not recall,workplace_misconduct_hr,1tpfie6
excluding vs advancing candidates,ats_keyword_filter,1p50vs0
executive search fee negotiation,misc,1rfbz1t
executives not resigning with workers,macro_layoffs_displacement,1qpcc2d
executives squeeze workers dry,misc,1r5kxed
exhausting interview gauntlet,interview_rounds,1n1sfym
exit interview after firing,workplace_misconduct_hr,1qm355q
exit review cheat sheet,manager_people_mgmt,1rg4wxs
extension cord slip near-lawsuit,smallbiz_ops,1m0dipl
eyes scanning screen during interview,ai_interview_cheating,1miu768
fabricated offer letter,resume_lying,1pa3xz9
failed cert exam barrier,it_career_advice,1tk2gm4
failed consulting rebrand success,smallbiz_ops,1o3qimp
failed startups as education tax,startup_founder,1mn2g0a
fake SOC 2 reports,startup_founder,1rz15ui
fake competing offer,resume_lying,1pa3xz9
fake expense report theft,smallbiz_ops,1pdax88
fake founder CEO title,ats_keyword_filter,1lym1qd
fake interview bots,ai_interview_cheating,1o2kjdo
fake latency fixed perception,ai_code_quality_decay,1se1g7m
fake negative review bombing,smallbiz_ops,1ot2azu
fake open roles,ghost_jobs,1tqtaub
fake postings waste time,ghost_jobs,1o9erjz
fake power outage cheating,ai_interview_cheating,1o479rh
fake recruiter funneling to paid resume consultant,hiring_scams,1sfuaro
fake reference script,resume_lying,1sh2o6c
fake remote listings,comp_bait_switch,1t606n3
fake reviews attacking competitors,smallbiz_ops,1okn7vb
fake sob story discount,smallbiz_ops,1p17d8b
fake transparency disclosure,workplace_misconduct_hr,1r6efr9
fake zoom download scam,hiring_scams,1udujvg
false job location,remote_mirage,1r13b1k
family business exploitation,smallbiz_ops,1sfawfb
family care penalized,resume_gaps,1tft2mv
fear of reporting retaliation,workplace_misconduct_hr,1pntmta
feedback dries up at top,manager_people_mgmt,1nbkvnc
feedback style not standards,manager_people_mgmt,1n5xc3s
final-round silence pattern,misc,1rvnpnf
finding foreign clients,smallbiz_ops,1q3g7to
fire or keep dilemma,smallbiz_ops,1o8zqpq
fired by family,workplace_misconduct_hr,1rujqw4
fired employee's wife contacts owner,workplace_misconduct_hr,1u0ub56
fired for interviewing elsewhere,workplace_misconduct_hr,1nek3kc
fired for leaving on time,workplace_misconduct_hr,1rkldbw
fired someone only to regret it,workplace_misconduct_hr,1o7jwzg
fired then asked to train,workplace_misconduct_hr,1o6ib5n
fired without warning,workplace_misconduct_hr,1mc1byh
firing without prior warnings,workplace_misconduct_hr,1tn7d00
first applicant advantage,ats_keyword_filter,1n3reu8
five rounds of interviews,interview_rounds,1qc3u51
five-round interview norm,interview_rounds,1muxy4k
flex hours limit skill-building,manager_people_mgmt,1ohipo8
flight risk vs immediate value,misc,1s35fhh
forced early return pressure,workplace_misconduct_hr,1qfjv5y
forced into management track,manager_people_mgmt,1mha63e
forced to read PIP verbatim,manager_people_mgmt,1mnzqxl
fought for raise then lost employee,manager_people_mgmt,1mdcgh3
founder sells directly early,startup_founder,1sivput
four-day work week pitch,startup_founder,1mi8vnz
fraudulent ID verification failure,remote_identity_fraud,1t3jwmw
fraudulent remote applicants,remote_identity_fraud,1nhx4x6
free services nobody wanted,smallbiz_ops,1o3qimp
free users give low-quality feedback,manager_people_mgmt,1r9659a
free work demanded before offer,unpaid_freework,1oto36c
free-to-paid student hook,ai_code_quality_decay,1nbykth
freelance cleanup boom,ai_code_quality_decay,1o29tge
freshmen skipping fundamentals,leetcode_broken_technical,1lnu6v8
frontend replaced by Claude code,macro_layoffs_displacement,1u81t0h
furniture import tariff threat,smallbiz_ops,1mywp7p
gap explanation interrogation,resume_gaps,1tft2mv
gap explanation performance,resume_gaps,1t15bb9
gap questioned in interview,ghost_jobs,1swj9jd
gender dynamic oversight,workplace_misconduct_hr,1o7drib
genuinely supportive manager,workplace_misconduct_hr,1olvial
geographic bias against non-locals,misc,1m495n7
get a better job dismissal,misc,1uhxpst
ghost internal hiring,ghost_jobs,1ntp9lo
ghost job listings,ats_keyword_filter,1ms8qvp
ghost job open ten months,ghost_jobs,1swj9jd
ghost jobs in listings,degree_vs_skills,1mcop22
ghosted after connection,ai_resume_flood,1ta5a5o
ghosted after final round,ghost_jobs,1tcz6a3
ghosted after interviews,unrealistic_requirements,1oeua90
ghosted after offer,misc,1r8ckd2
ghosted after strong interview loop,misc,1psasvo
ghosting candidates made illegal,pay_transparency,1npli6y
gold rush narrative dead,macro_layoffs_displacement,1sxyx3n
good boss appreciation,workplace_misconduct_hr,1olvial
good engineers quitting,ai_code_quality_decay,1r6olcv
good performance still suspicious,overemployment_remote_trust,1nq97gf
good work punished with more work,manager_people_mgmt,1mo2ki0
govt data not accessible,macro_layoffs_displacement,1oft1b5
graduated before layoffs,macro_layoffs_displacement,1td9vnt
graduation into bad market,degree_vs_skills,1qwkjfg
graduation year ageism,age_discrimination,1s9ikc5
guarantee period flexibility,misc,1rfbz1t
harassing candidate emails exec team,misc,1mi2cgu
harsh feedback drives women out,manager_people_mgmt,1n5xc3s
headcount frozen manager overloaded,macro_layoffs_displacement,1mhnd12
hidden expectations mismatch,workplace_misconduct_hr,1rkldbw
high ghosting rate after HireVue,video_interview_dehumanizing,1q73abu
high tax squeeze,age_discrimination,1nv4vkb
hiring manager approval bottleneck,slow_hiring_process,1m6gk8x
hiring manager blocking strong candidates,vague_rejections,1n11xse
hiring manager email mistake,vague_rejections,1lvn993
hiring manager review delays,slow_hiring_process,1tpvitj
hiring managers refusing to budge on unicorn requirements,unrealistic_requirements,1nkks8w
holiday venting,workplace_misconduct_hr,1pvey5r
home interruption during zoom interview,misc,1mhy26c
homeless customer outburst,smallbiz_ops,1o5mfjm
homeless sleeping outside business,smallbiz_ops,1n8j5r6
honest answer disarmed,resume_gaps,1t15bb9
honest answer penalized,misc,1rqxb54
hostile rejection response,vague_rejections,1sedxcc
human rejection letter,misc,1qgf4p1
human screener rarity,ai_resume_flood,1lx796l
humiliation ritual job search,misc,1sm6a4c
hybrid for managers not reports,manager_people_mgmt,1rgqxh2
illegal hiring criteria published publicly,age_discrimination,1lw0f9a
illegal marital-status discrimination,misc,1o95zv3
in-person resume advice,misc,1sdkw9z
influencer-driven unrealistic expectations,ai_resume_flood,1ma04es
inherited wealth dominates real rich,startup_founder,1lr4dzb
insubordination threat,misc,1qwoi6a
insulting feedback sent to candidate,vague_rejections,1lvn993
intentional vs accidental debt,ai_code_quality_decay,1pi82ib
intern title for years,manager_people_mgmt,1pig7u1
internal candidate already chosen,ghost_jobs,1tqtaub
internal candidate dog-and-pony show,ghost_jobs,1pszdaz
internal candidate revealed,ghost_jobs,1tcz6a3
internal equity problems,pay_transparency,1r1t85m
internship beats startup title,ats_keyword_filter,1lym1qd
interview cancelled after position filled,slow_hiring_process,1mkkvrb
interview ended immediately,workplace_misconduct_hr,1n5ohbj
interview free-work extraction scam,unpaid_freework,1oto36c
interview humiliation ritual,misc,1u6i4gf
interview lies expected,pay_transparency,1r74273
interview process breakdown,ai_interview_cheating,1o479rh
interview while employed advantage,ai_code_quality_decay,1sqtvxz
interviewer asking candidates to admit illegal acts,misc,1mxgbxi
interviewer reaction tells,misc,1s1f90b
interviewer refusing to address female candidate directly,misc,1pq5gaz
interviewer transparency about evaluation criteria,misc,1rvkcwo
interviewers don't read resumes,misc,1r967sx
interviews can't screen it,macro_layoffs_displacement,1rteomh
invisible worker fired then chaos,workplace_misconduct_hr,1o7jwzg
invoice anxiety sleepless nights,smallbiz_ops,1oez2al
involuntary termination no benefit,workplace_misconduct_hr,1qm355q
jealous of colleagues time off,workplace_misconduct_hr,1n7eahh
job closed in 56 minutes,ghost_jobs,1ntp9lo
job hopping triples salary fast,it_career_advice,1m9fl4k
job huggers avoiding risk,unrealistic_requirements,1nkks8w
job search absurdist despair,misc,1svuffl
job search despair,misc,1refk0c
job security vs. frustration,it_career_advice,1psmdby
job seekers used as PR props,comp_bait_switch,1qcxr5v
job-hopping resume red flag,leetcode_broken_technical,1nhbs59
jobs filled before posting,ghost_jobs,1ti8s8h
journalist relationships determine coverage quality,startup_founder,1rn45nz
junior candidates interviewing poorly,ai_interview_cheating,1q63i3f
junior dev impossible to get,ai_resume_flood,1r89r35
junior hiring collapsed,macro_layoffs_displacement,1pt4yxh
junior hiring dropped 20%,macro_layoffs_displacement,1rnkv2t
junior roles eliminated,ai_resume_flood,1mmx040
just-let-me-fix-it frustration,manager_people_mgmt,1mha63e
keyword mirroring works,ai_resume_flood,1skes0r
kidney stone accommodation refused,workplace_misconduct_hr,1njgtwo
laid off one year jobless,unrealistic_requirements,1oeua90
laid off via text,macro_layoffs_displacement,1n2ncbs
laid-off colleagues ghosted,macro_layoffs_displacement,1roudce
last day expectations,misc,1qazv96
last-minute urgent weekend requests,smallbiz_ops,1o8zqpq
late start at 30 still works,it_career_advice,1sbxjcc
layoff financial cascade,macro_layoffs_displacement,1npydua
layoff threat disengagement,macro_layoffs_displacement,1r89vhp
layoff-caused gap,resume_gaps,1u7u3o6
leaving for 90% raise,macro_layoffs_displacement,1oq74un
legal risk of PIP honesty,manager_people_mgmt,1nxxj9a
let plates hit floor,ai_code_quality_decay,1sfw7o5
life-threatening allergy ignored,workplace_misconduct_hr,1poemw0
lightweight native alternative,macro_layoffs_displacement,1qcvz7o
likeable beats productive in big tech,ats_keyword_filter,1mrujpf
limited availability kills chances,misc,1pc4i3t
listing full career history,age_discrimination,1s48g1j
long-tenured first-time candidates,misc,1nlcxvf
long-term unemployment trap,resume_gaps,1nz1ivd
losing authentic voice,ats_keyword_filter,1o1b9ak
low InMail response rates,misc,1n50dxd
loyalty is dead,it_career_advice,1m9fl4k
loyalty quit backfired,workplace_misconduct_hr,1m1zole
luck plus grind framing,it_career_advice,1u2eac7
luck vs skill debate,macro_layoffs_displacement,1td9vnt
lying about software experience,resume_lying,1ttrt35
malware job interview,hiring_scams,1udujvg
management feels the pain,ai_code_quality_decay,1sfw7o5
management is glorified babysitting,manager_people_mgmt,1lofy1t
manager blames employee for divorce,workplace_misconduct_hr,1rueh11
manager confronted defensive employee quit,overemployment_remote_trust,1rai4g9
manager credit-stealing risk,manager_people_mgmt,1n7zuba
manager dismissed warning,manager_people_mgmt,1obonv6
manager fired after raise leaked,workplace_misconduct_hr,1m1zole
manager ignores boundaries,manager_people_mgmt,1pfnn0x
manager invested heavily then employee quit,macro_layoffs_displacement,1oq74un
manager offended by boundary,workplace_misconduct_hr,1mbf6iu
manager shielding team from HR,manager_people_mgmt,1o3ma5d
managers not managing at all,macro_layoffs_displacement,1mhnd12
managers stop getting honest feedback,manager_people_mgmt,1nbkvnc
managing easier before trust,manager_people_mgmt,1meqxc2
managing wifi not hovering,manager_people_mgmt,1mddh04
mandatory donation for stats,ats_keyword_filter,1mpbrm4
mandatory office presence,misc,1qwoi6a
mandatory pay range disclosure,pay_transparency,1o5w834
mandatory pay transparency,pay_transparency,1s56uty
mandatory return to office,manager_people_mgmt,1mqd0ot
mandatory unsafe venue,workplace_misconduct_hr,1poemw0
market-wide hesitation,misc,1u7zqlt
mass applying backfires,ai_resume_flood,1npbu7w
mass applying from day one,ai_resume_flood,1ma04es
mass applying kills rate,ai_resume_flood,1skes0r
mass layoffs via email,macro_layoffs_displacement,1s9bz1x
mass-applying grind,ai_resume_flood,1nhwbhc
medical privacy violation,ats_keyword_filter,1mpbrm4
mediocre hire outsized damage,ats_keyword_filter,1t4i6pw
meme-based trust with manager,manager_people_mgmt,1mddh04
mentorship pipeline gone,macro_layoffs_displacement,1pt4yxh
metaverse bet unwinding,macro_layoffs_displacement,1qc7ake
metrics theater over quality,ai_code_quality_decay,1sgcy1e
micromanagement paper trail,manager_people_mgmt,1sfcu04
middleman opportunity already saturated,startup_founder,1oi1zhr
minimum annual churn policy,macro_layoffs_displacement,1qpcc2d
minimum wage not livable,misc,1uhxpst
misallocated engineering labor,it_career_advice,1snww7w
misleading Indeed listing,comp_bait_switch,1o36mjj
misleading job location,comp_bait_switch,1t606n3
moderator-reported pattern,workplace_misconduct_hr,1r6efr9
money-for-rent reality,misc,1rqxb54
months of failed applications,macro_layoffs_displacement,1npydua
months-long job search,macro_layoffs_displacement,1locuwk
name change not reported,workplace_misconduct_hr,1qqb9kh
neediness as disqualifier,misc,1ok0mi8
negotiating from strength,ai_code_quality_decay,1sqtvxz
negotiation reveals company's view of labor,misc,1rv81ia
nepotism in hiring,misc,1oqvlzf
nepotism over merit,ats_keyword_filter,1qzituj
net-60 return terms risk,smallbiz_ops,1mk3we6
never received raise,manager_people_mgmt,1pig7u1
new hire going over manager's head,workplace_misconduct_hr,1nihrir
new hire milking remote system,ai_interview_cheating,1sfxnau
niche skill edge,macro_layoffs_displacement,1locuwk
niche to empty-home cleanings only,smallbiz_ops,1skdb7x
no HR involvement,overemployment_remote_trust,1r0hbs3
no WFH after resignation,macro_layoffs_displacement,1mknxjx
no admin support,workplace_misconduct_hr,1rean2l
no bypassing the queue,it_career_advice,1pzw57g
no communication to candidate,slow_hiring_process,1mkkvrb
no emergency training at work,manager_people_mgmt,1n2n5at
no hiring signal,macro_layoffs_displacement,1mgm08w
no notice no dignity,macro_layoffs_displacement,1n2ncbs
no repayment policy signed,workplace_misconduct_hr,1mwgs0e
no restrictions policy,workplace_misconduct_hr,1n0wf37
no safety net,age_discrimination,1nv4vkb
no skills assessment,softskill_culturefit_unmeasured,1oexljh
no-right-answer interview question,misc,1rvkcwo
no-security server ransomwared,ai_code_quality_decay,1oex6aw
no-show deposit family disagreement,smallbiz_ops,1rb2lh4
no-witness racial incident,workplace_misconduct_hr,1pntmta
non-FAANG offer accepted,leetcode_broken_technical,1rqjc77
non-technical founder over-relied on AI,ai_code_quality_decay,1oex6aw
non-transferable AI knowledge,macro_layoffs_displacement,1mwf5cc
non-work 1:1 boundary,workplace_misconduct_hr,1pwqnax
not briefed before PIP meeting,manager_people_mgmt,1mnzqxl
odor management compassionate approach,smallbiz_ops,1n8j5r6
offboarding overreach,misc,1qazv96
offer below posted range,comp_bait_switch,1o6hb0e
offer lowballed after 7 months unemployment,comp_bait_switch,1n8g50s
offer lowballed after months-long process,slow_hiring_process,1potj30
offer rescinded immediately,resume_lying,1pa3xz9
offer rescinded over OS,macro_layoffs_displacement,1lyjs8d
offshoring accelerates if bubble pops,macro_layoffs_displacement,1n6nk56
offshoring acceleration,macro_layoffs_displacement,1nlffj7
offshoring as fallback,macro_layoffs_displacement,1nno6ei
offshoring vs H1B conflated,macro_layoffs_displacement,1ma4i05
oncall on holiday,manager_people_mgmt,1obonv6
one-minute lateness email,manager_people_mgmt,1sfcu04
one-round nostalgia,interview_rounds,1muxy4k
one-way video interviews dehumanizing,video_interview_dehumanizing,1q73abu
online-only reality,misc,1sdkw9z
only female on team,workplace_misconduct_hr,1rueh11
optimized LinkedIn landed job in 2 weeks,it_career_advice,1nmapst
outdated contact info costs interviews,ai_resume_flood,1npbu7w
outdated email addresses hurt,age_discrimination,1s48g1j
outdated hiring checkboxes,degree_vs_skills,1nm3z9c
outdated parent guidance,misc,1sdkw9z
outsourced dev jobs,macro_layoffs_displacement,1meq3lv
outsourcing over AI,macro_layoffs_displacement,1lpe76e
overemployed remote worker,overemployment_remote_trust,1mps033
overemployment manager dilemma,overemployment_remote_trust,1nq97gf
overpriced tool,misc,1n50dxd
overqualified candidates applying down,misc,1s35fhh
overqualified for underpaid roles,it_career_advice,1lvb6ea
oversaturated solution market,startup_founder,1oo7d07
owner is the process,manager_people_mgmt,1r9x049
paid assessment predicts performance,manager_people_mgmt,1r9659a
pain-driven idea validation,startup_founder,1sivput
pandemic overhiring excuse exhausted,macro_layoffs_displacement,1ohnh7q
parents kicking out,macro_layoffs_displacement,1t3gbbu
passed background checks with stolen identity,remote_identity_fraud,1udssl4
pay equity flagged through empathy,startup_founder,1oqvzo0
pay transparency legislation,pay_transparency,1npli6y
pay-to-apply proposal,misc,1muz9kp
pennies-on-dollar job offers,macro_layoffs_displacement,1npydua
perception-reality gap,ai_code_quality_decay,1lwk503
performance review amnesia,manager_people_mgmt,1n7zuba
performative interview theatre,misc,1rqxb54
performing less to avoid overload,manager_people_mgmt,1mo2ki0
phone calls ignored voicemail,smallbiz_ops,1rm6jq3
photo on resume rejected,misc,1pc4i3t
physical toll of trades ignored,it_career_advice,1lrskmr
platform dependency risk,ai_interview_cheating,1p08qzv
platform shutdown fantasy,misc,1r1c3h0
platform useless for candidates,misc,1rtxijj
post-interview recording accidentally sent,workplace_misconduct_hr,1sekapw
post-interview transcript accidentally shared with candidate,vague_rejections,1my63u8
posting for legal compliance,ghost_jobs,1ntp9lo
powerpoint abuse,misc,1qwoi6a
practice cures interview rust,ai_code_quality_decay,1sqtvxz
pre-interview coding assessment,misc,1r0ezba
pre-written audit conclusions,startup_founder,1rz15ui
problem slide wins or loses deck,startup_founder,1pylg24
process insulting candidate's time,interview_rounds,1nq7ns4
productivity data contradicts hype,macro_layoffs_displacement,1rnkv2t
productivity study contradicts belief,ai_code_quality_decay,1lwk503
professor warns job market,macro_layoffs_displacement,1mtwz4c
projects delayed by ticket load,it_career_advice,1snww7w
promoted on the spot during interview,misc,1ovyd48
prompt engineer title mandate,ai_code_quality_decay,1me6nps
prospective employer called boss,workplace_misconduct_hr,1nek3kc
protecting team from Sarah,manager_people_mgmt,1slijiq
provisional patent urgency,smallbiz_ops,1poaanl
proxy interviewers,ai_interview_cheating,1o96fg4
quit after two days,misc,1reulsd
racial slur dismissed as joke,workplace_misconduct_hr,1me3laj
raise used to quit faster,manager_people_mgmt,1mdcgh3
rambling tell-me-yourself answers,startup_founder,1t2w2ql
random discounts erode respect,smallbiz_ops,1od7j5k
reading AI answers verbatim,ai_interview_cheating,1mrg1k0
real estate over tech for wealth,startup_founder,1lr4dzb
real-name identity drove Facebook adoption,startup_founder,1lq1axg
realtor network as distribution,smallbiz_ops,1skdb7x
recovering bad interview,softskill_culturefit_unmeasured,1r2q6ni
recruiter coffee invite ROI,misc,1p90cy8
recruiter entitlement,misc,1r0ezba
recruiter ghosted applicants,misc,1syi8l7
recruiter ghosting loop,misc,1qxizav
recruiter indifference,leetcode_broken_technical,1tc02xm
recruiter sent wrong name,misc,1sbkgxi
recruiter threats after withdrawal,ats_keyword_filter,1pdar5o
recruiter-vs-candidate AI arms race,ai_interview_cheating,1o2kjdo
recruiters can detect AI,ai_interview_cheating,1mlgwky
recruiters never consulted in tool design,misc,1nxapg9
recruiters reject Amazon alumni,macro_layoffs_displacement,1omx86l
recruiters screening roles they don't understand,misc,1ryo60i
red-flag phrase decoding,manager_people_mgmt,1rg4wxs
reduced headcount quality collapse,macro_layoffs_displacement,1tysnmi
referral beats qualifications,ats_keyword_filter,1qzituj
referral poisoned anchor client,smallbiz_ops,1qfdosp
referral-only job market,manager_people_mgmt,1ra48qc
refusing unowned PRs,ai_code_quality_decay,1towli9
rehearsed fake answers,pay_transparency,1r74273
rehearsed narrative rejected,resume_gaps,1t15bb9
rejected for being a gamer stereotype,vague_rejections,1my63u8
rejected for unusual hobby,vague_rejections,1qpo21d
rejected on high school grade,vague_rejections,1n0yysn
rejected then recalled after first pick declined,misc,1lzrd8r
rejecting dangerous big order,smallbiz_ops,1mk3we6
rejecting desperate candidates,misc,1ok0mi8
rejection after rejection,macro_layoffs_displacement,1locuwk
rejection for being eager,manager_people_mgmt,1qr7m2m
relationship PIP as workplace joke,manager_people_mgmt,1sckmxd
relationship-building vs job access,misc,1p90cy8
remote hire overkill,interview_rounds,1qc3u51
remote interview etiquette,misc,1mhy26c
remote job verification gap,remote_identity_fraud,1udssl4
remote jobs routed to India,macro_layoffs_displacement,1lpe76e
remote listed as bait,remote_mirage,1r13b1k
remote tech role infiltration,remote_identity_fraud,1t3jwmw
remote work productivity argument,manager_people_mgmt,1mqd0ot
repeat boundary violation,workplace_misconduct_hr,1q4l32f
repeated pregnancy questions,softskill_culturefit_unmeasured,1s7tjj2
replacing junior devs with AI,macro_layoffs_displacement,1mvid8s
researching client after discount given,smallbiz_ops,1p17d8b
restarting search unnecessarily,comp_bait_switch,1o6hb0e
resume as history not pitch,startup_founder,1p6f8zb
resume date hiding,age_discrimination,1s9ikc5
resume gap scrutiny,resume_gaps,1u7u3o6
resume gap shaming,resume_gaps,1ub3scn
resume gap stigma,resume_gaps,1m88t4b
resume inflation,ats_keyword_filter,1lym1qd
resume keyword gaming,ats_keyword_filter,1oe8him
resume language translation,misc,1ohexl2
resume never surfaces,ats_keyword_filter,1r32a25
resume scanning criteria,ats_keyword_filter,1p50vs0
resume signals age discrimination,age_discrimination,1s48g1j
retaliation after investigation,workplace_misconduct_hr,1rbmab1
retention and burnout data,startup_founder,1mi8vnz
retroactive commission clawback,workplace_misconduct_hr,1mwgs0e
revealing authentic self,misc,1rsjsv5
rhetoric without enforcement,macro_layoffs_displacement,1m7zvlx
ride it out quietly,workplace_misconduct_hr,1mc1byh
rigged system despair,misc,1s04ili
right to disconnect bill,manager_people_mgmt,1pfnn0x
rigid salary refusal,comp_bait_switch,1o6hb0e
road contract data inaccessible,macro_layoffs_displacement,1p06g8t
road contractor accountability,macro_layoffs_displacement,1oft1b5
role and location matter most,degree_vs_skills,1n33ojb
role eliminated during maternity leave,workplace_misconduct_hr,1qfjv5y
role upgraded unexpectedly,misc,1ovyd48
roles sitting open 6+ months,unrealistic_requirements,1nkks8w
rude training environment,misc,1reulsd
rural market oversaturation,smallbiz_ops,1otuw7c
safety risk for civic transparency builders,macro_layoffs_displacement,1p06g8t
salaries stopped two months,startup_founder,1nxsiwd
salary cut by half,comp_bait_switch,1nt8eko
salary disclosure pressure,pay_transparency,1r74273
salary hidden until phone screen,pay_transparency,1r1t85m
salary low-balled,workplace_misconduct_hr,1sekapw
salary mismatch at offer stage,pay_transparency,1s56uty
salary not scaling with skill,it_career_advice,1qqd37p
salary posted 40% higher than actual,comp_bait_switch,1o36mjj
same experience barrier as IT,unrealistic_requirements,1pclgy1
save texts for divorce lawyer,workplace_misconduct_hr,1u3i8f5
scared about near-term displacement,macro_layoffs_displacement,1m1uw9v
scheduling friction fix,misc,1qxizav
scope creep unpaid hours,workplace_misconduct_hr,1qdmgaj
second-choice candidate confusion,misc,1lzrd8r
secretly working multiple jobs,overemployment_remote_trust,1mps033
security flaws in slop,ai_code_quality_decay,1mg2r6y
security footage termination,workplace_misconduct_hr,1q4l32f
self-sabotaging hiring standards,unrealistic_requirements,1tgi34h
self-taught dev hiring,degree_vs_skills,1qzk4sj
self-terminating over it,workplace_misconduct_hr,1r9403h
senior candidate reading AI answers live,ai_interview_cheating,1miu768
senior cofounder abandons for salary,manager_people_mgmt,1r9659a
senior engineer salary,macro_layoffs_displacement,1ogsqs4
senior engineers doing tier-one tickets,it_career_advice,1snww7w
senior engineers stopped thinking for themselves,macro_layoffs_displacement,1tkccsi
senior experience junior pay,unrealistic_requirements,1tgi34h
senior role downgraded at offer stage,comp_bait_switch,1nt8eko
senior-only team risk,macro_layoffs_displacement,1pt4yxh
serious vs slop job market,ai_code_quality_decay,1me6nps
service business via subcontractors,smallbiz_ops,1skdb7x
service-first then product,startup_founder,1mn2g0a
seven-stage interview at 10-person startup,interview_rounds,1seq609
shift differential unlocks total comp,it_career_advice,1qqdcbh
shift-based IT trade-offs,it_career_advice,1lptmof
shifting priorities chaos,misc,1s1f90b
silent resignation unnoticed,manager_people_mgmt,1mo2ki0
single point of failure,manager_people_mgmt,1r9x049
single point of failure risk,workplace_misconduct_hr,1qqfgk4
six figures in help desk possible,it_career_advice,1qqdcbh
six figures without degree possible,degree_vs_skills,1n33ojb
six months experience barrier,unrealistic_requirements,1oeua90
six rounds for underpaid role,interview_rounds,1n1sfym
six years of certs for 41k pay,it_career_advice,1lvb6ea
skip-level visibility game,macro_layoffs_displacement,1pwfx9l
skipped-over employee refusing to train replacement,age_discrimination,1ra7mwd
skipping CS basics,leetcode_broken_technical,1lnu6v8
slop-assisted coding,ai_code_quality_decay,1nbykth
slow interview scheduling losing candidates,slow_hiring_process,1potj30
small business liability gap,smallbiz_ops,1m0dipl
soft skills over technical,softskill_culturefit_unmeasured,1ssm4am
soft-skill assessment gap,ats_keyword_filter,1oe8him
software buggier everywhere,macro_layoffs_displacement,1tysnmi
solo HR department burnout,workplace_misconduct_hr,1rean2l
solo IT burnout at 80 hours,workplace_misconduct_hr,1qis6wa
solo founder isolation,startup_founder,1q0flx5
solo operator uninsured liability,smallbiz_ops,1m0dipl
sophisticated LinkedIn job scam impersonating JPMorgan,hiring_scams,1sfuaro
sophisticated long-con attack,hiring_scams,1udujvg
stack ranking easing,macro_layoffs_displacement,1qc7ake
staff couldn't call 911,manager_people_mgmt,1n2n5at
staff engineer can't explain own code,macro_layoffs_displacement,1tkccsi
standups are status reports,ai_code_quality_decay,1nbfh94
star employee refused award,manager_people_mgmt,1qiwdqa
star performer leaving due to pay freeze,manager_people_mgmt,1np3o82
startup CEO conducting interview for personality fit only,softskill_culturefit_unmeasured,1oexljh
startup CEO rejecting candidates with girlfriends,misc,1o95zv3
startup bait-and-switch on salary,comp_bait_switch,1n8g50s
startup can't make payroll,startup_founder,1p4yhsb
startup creating custom role mid-interview,manager_people_mgmt,1mrjz3v
startup exploitation,unpaid_freework,1p8k684
startup interviewer defensiveness,startup_founder,1tcvmhu
startup mission manipulation,misc,1rv81ia
stepping-stone roles matter,degree_vs_skills,1mj3ihg
stolen identity red flags,remote_identity_fraud,1nhx4x6
stoner-to-150k arc,it_career_advice,1sbxjcc
stop hiring Indians rhetoric,macro_layoffs_displacement,1ma4i05
stopping discount habit,smallbiz_ops,1od7j5k
strategic end-of-interview question,misc,1nhk08h
stress evolves not disappears,ats_keyword_filter,1t4i6pw
stress kills output,ats_keyword_filter,1mrujpf
stressed workers get PR review hell,ats_keyword_filter,1mrujpf
strong candidates silently rejected,ats_keyword_filter,1o01gie
stuck in minimum wage cycle,it_career_advice,1tk2gm4
studied hard to get out,manager_people_mgmt,1ozlobb
surfacing hidden objections,misc,1rvnpnf
surprise lawyer at disciplinary meeting,workplace_misconduct_hr,1slf670
surprise termination fallout,workplace_misconduct_hr,1tn7d00
surveillance policy overreaction,overemployment_remote_trust,1mps033
survivorship bias in startup success stories,startup_founder,1sczfjo
swapping salary for sane hours,workplace_misconduct_hr,1qis6wa
tailored resume 85% response rate,it_career_advice,1m9fl4k
tariff destroying export business,smallbiz_ops,1mywp7p
team checked-out mood,macro_layoffs_displacement,1r89vhp
team slide must answer why you,startup_founder,1pylg24
team trusts you now weight is real,manager_people_mgmt,1meqxc2
tech vs finance lifestyle,macro_layoffs_displacement,1ogsqs4
technical founders missing human experience,startup_founder,1lw14u1
technically correct felt broken,ai_code_quality_decay,1se1g7m
telling employee PIP truth,manager_people_mgmt,1nxxj9a
termination vs. quit confusion,workplace_misconduct_hr,1rujqw4
text reminders cut no-shows,smallbiz_ops,1rm6jq3
three weeks later outreach,workplace_misconduct_hr,1qm355q
tide shifting claim disputed,macro_layoffs_displacement,1mvid8s
tier-1 college advantage,macro_layoffs_displacement,1tvg8jn
tier-3 college disadvantage,it_career_advice,1qqd37p
tier-4 college freelance success,smallbiz_ops,1q3g7to
time theft discovered on leave,overemployment_remote_trust,1rai4g9
timing determines FAANG salary,macro_layoffs_displacement,1td9vnt
tired of sending CVs,misc,1svuffl
too little too late salary,manager_people_mgmt,1mdcgh3
top performer used slur,workplace_misconduct_hr,1pntmta
top school zero offers,macro_layoffs_displacement,1t3gbbu
toxic boss red flags in interview,workplace_misconduct_hr,1pbh79a
toxic debt no repayment date,ai_code_quality_decay,1pi82ib
toxic employee chronic tardiness,workplace_misconduct_hr,1tn7d00
toxic high performer makes team cry,manager_people_mgmt,1slijiq
toxic interviewer refusing camera,misc,1no2id4
toxic leader termination,workplace_misconduct_hr,1noh7z3
toxic manager escape,manager_people_mgmt,1ozlobb
toxic manager named repeatedly,manager_people_mgmt,1rg4wxs
toxic manager retaliation,resume_lying,1sh2o6c
traction needs context not raw numbers,startup_founder,1pylg24
trades boom may repeat IT bust,it_career_advice,1lrskmr
trades-not-greener myth,unrealistic_requirements,1pclgy1
traditional engineering sidelined,macro_layoffs_displacement,1rt62gb
transcript verification fear,resume_lying,1t47ng7
triangulating with boss,workplace_misconduct_hr,1nihrir
trifecta plus degree combo works,it_career_advice,1nd3ija
trust breakdown on all sides,misc,1u7zqlt
trust makes management harder not easier,manager_people_mgmt,1meqxc2
trusting referral over gut,smallbiz_ops,1qfdosp
two jobs one salary,overemployment_remote_trust,1r0hbs3
two offers at premium pay,macro_layoffs_displacement,1n74jad
typed Leetcode editorial verbatim,ai_interview_cheating,1o479rh
unauthorized final paycheck deduction,workplace_misconduct_hr,1s3xvix
uncle resists deposit system,smallbiz_ops,1rb2lh4
under-10-applicants filter,misc,1mt0ekr
under-hiring due to AI replacement fear,macro_layoffs_displacement,1n6nk56
undercharging for years,smallbiz_ops,1rcbykx
underpaid employee used company card,startup_founder,1oqvzo0
underpaid overqualified demand,unrealistic_requirements,1rsl4uv
undisclosed child with coworker,workplace_misconduct_hr,1otzyf2
undocumented critical work discovered,workplace_misconduct_hr,1o7jwzg
undocumented verbal approvals,manager_people_mgmt,1r9x049
unedited copy-paste complaints,workplace_misconduct_hr,1s0fm90
unemployed period stigma,resume_gaps,1ub3scn
unemployment day 842,misc,1uaj46z
unexpected promotion during process,manager_people_mgmt,1mrjz3v
unhinged LinkedIn connection,misc,1mi2cgu
unit economics must survive shocks,startup_founder,1mn2g0a
unlimited PTO secretly capped,manager_people_mgmt,1o3ma5d
unnecessary code built,ai_code_quality_decay,1tqfcfj
unpaid family business labor,smallbiz_ops,1sfawfb
unpaid internship red flag,startup_founder,1tcvmhu
unpaid internship termination,unpaid_freework,1p8k684
unpaid salary spun as growth,startup_founder,1p4yhsb
unpaid work samples,interview_rounds,1muxy4k
unpredictable self-employed income,smallbiz_ops,1oez2al
unprofessional zoom behavior,ai_interview_cheating,1q63i3f
unqualified candidate entitlement,vague_rejections,1sedxcc
unread resume pile,ai_resume_flood,1qxg9vv
unrealistic job requirements,unrealistic_requirements,1tgi34h
unstructured career pitch,startup_founder,1t2w2ql
unusual interview questions,misc,1rsjsv5
usage tracking as separate API,ai_code_quality_decay,1mtzb36
used as quiet-quitting tool,manager_people_mgmt,1rgqxh2
users ignore self-service tools,it_career_advice,1psmdby
using fake local address,misc,1m495n7
vague fit-based rejections,misc,1ryo60i
vague rejection email,softskill_culturefit_unmeasured,1oexljh 1rx0zy0
velocity killed by god objects,ai_code_quality_decay,1pi82ib
vending machine business sold,smallbiz_ops,1mc4kly
vibe coder can't explain own code,macro_layoffs_displacement,1rteomh
vibe coding exposed bad security,ai_code_quality_decay,1mtzb36
vibe coding misses requirements,ai_code_quality_decay,1on84au
vibe-based rejection,vague_rejections,1qpo21d
vibe-coded MVP sold to bank,ai_code_quality_decay,1oex6aw
vibe-coded security holes,ai_code_quality_decay,1o29tge
vibe-coded startup debt,ai_code_quality_decay,1mg2r6y
vibe-coder job listings split,ai_code_quality_decay,1me6nps
vindictive reference threat,resume_lying,1sh2o6c
viral side project,macro_layoffs_displacement,1m952bp
volume-driven screening collapse,ai_resume_flood,1qxg9vv
walk me through resume,misc,1r967sx
walked out of interview,misc,1mxgbxi
walking away vs negotiating,smallbiz_ops,1n95sty
whole team replaced by AI,macro_layoffs_displacement,1lzl3hx
wife uncomfortable with frequency,workplace_misconduct_hr,1pwqnax
wired job requisitions,ghost_jobs,1tqtaub
withdrew after second round,misc,1no2id4
witness protection concern,workplace_misconduct_hr,1rbmab1
work style never assessed,softskill_culturefit_unmeasured,1rrvc7e
worker direct payment,misc,1rlgqir
workers as cost line,macro_layoffs_displacement,1tchmgq
workers as expendable pawns,macro_layoffs_displacement,1ohnh7q
workforce reduction slack pickup,ai_code_quality_decay,1sfw7o5
working for free decades,smallbiz_ops,1sfawfb
workplace harassment ignored,workplace_misconduct_hr,1me3laj
workplace relationship disclosure,workplace_misconduct_hr,1otzyf2
wrong attachment sent,misc,1uaj46z
wrongful termination fishing,workplace_misconduct_hr,1u0ub56
year-long unemployment denial,macro_layoffs_displacement,1omx86l
yes-man career meta,ai_code_quality_decay,1sgcy1e
zero earners on record,comp_bait_switch,1opbf1c
zero revenue department myth,workplace_misconduct_hr,1qfq40e
zero training budget,ghost_jobs,1pszdaz
zoom interview no-show,ai_interview_cheating,1o96fg4
