Competitor,URL,Domains,Backlinks,ResponseCode,Title
aihr,https://www.aihr.com/blog/hr-trends/,485,1426,200,11 HR Trends for 2026: Shaping What’s Next - AIHR
aihr,https://www.aihr.com/hr-glossary/performance-bonus/,444,1177,200,What Is a Performance Bonus? (+ Examples) | HR Glossary - AIHR
aihr,https://www.aihr.com/hr-glossary/discretionary-bonus/,420,1017,200,"Discretionary Bonus: Meaning, Examples and More | HR Glossary - AIHR"
aihr,https://www.aihr.com/hr-glossary/retention-bonus/,389,902,200,Retention Bonus: Definition and Examples | HR Glossary - AIHR
aihr,https://www.aihr.com/hr-glossary/spot-bonus/,376,769,200,What Is a Spot Bonus? | HR Glossary - AIHR
aihr,https://www.aihr.com/blog/employee-referral-program/,359,592,200,Design an Employee Referral Program (With Free Sample) - AIHR
aihr,https://www.aihr.com/blog/compensation-and-benefits/,336,609,200,Compensation and Benefits: The Complete Guide - AIHR
aihr,https://www.aihr.com/hr-glossary/merit-pay/,330,563,200,What is Merit Pay? | HR Glossary - AIHR
aihr,https://www.aihr.com/blog/employee-incentive-programs/,328,591,200,The 21 Best Employee Incentive Programs [+ Real-Life Examples] - AIHR
aihr,https://www.aihr.com/hr-glossary/merit-increase/,327,556,200,Merit Increase Meaning | HR Glossary - AIHR
aihr,https://www.aihr.com/hr-glossary/relocation-bonus/,314,536,200,What Is a Relocation Bonus? | AIHR - HR Glossary
aihr,https://www.aihr.com/hr-glossary/fringe-benefits/,312,500,200,What Are Fringe Benefits? | AIHR - HR Glossary
aihr,https://www.aihr.com/hr-glossary/incentive-pay/,302,491,200,What Is Incentive Pay? [+ Examples] | HR Glossary - AIHR
aihr,https://www.aihr.com/hr-glossary/variable-pay/,299,498,200,Variable Pay: Definition and Examples | HR Glossary - AIHR
aihr,https://www.aihr.com/blog/compensation-plan-template/,287,478,200,[Free] Compensation Plan Template and 7-Step Guide - AIHR
aihr,https://www.aihr.com/blog/employee-onboarding-statistics/,287,992,200,27+ Employee Onboarding Statistics You Must Know in 2026 - AIHR
aihr,https://www.aihr.com/blog/ai-in-hr/,282,3113,200,AI in HR: A Comprehensive Guide [2026 Edition] - AIHR
aihr,https://www.aihr.com/blog/hr-acronyms/,269,453,200,Your A-Z Guide of HR Acronyms & Abbreviations - AIHR
aihr,https://www.aihr.com/blog/recruiting-metrics/,237,611,200,23 Recruiting Metrics You Should Know - AIHR
aihr,https://www.aihr.com/blog/employee-referral-programs-examples/,230,345,200,7 Brilliant Employee Referral Programs Examples - AIHR
aihr,https://www.aihr.com/blog/learning-and-development/,225,467,200,Learning and Development: A Comprehensive Guide - AIHR
aihr,https://www.aihr.com/blog/learning-and-development-statistics/,208,407,200,30+ L&D Statistics You Need To Know in 2026 - AIHR
aihr,https://www.aihr.com/blog/360-degree-feedback/,201,444,200,360 Degree Feedback: A Comprehensive Guide - AIHR
aihr,https://www.aihr.com/blog/employee-performance-metrics/,194,373,200,23 Employee Performance Metrics To Track - AIHR
aihr,https://www.aihr.com/blog/measuring-training-effectiveness/,193,339,200,Measuring Training Effectiveness: A Practical Guide - AIHR
aihr,https://www.aihr.com/blog/addie-model/,187,582,200,"ADDIE Model Explained: 5 Phases of Instructional Design [FREE Template]ADDIE Model Explained: What It Is, The 5 Phases, & How To Use It - AIHR"
aihr,https://www.aihr.com/blog/job-analysis/,184,354,200,Job Analysis: A Practical Guide [FREE Templates] - AIHR
aihr,https://www.aihr.com/blog/cross-training-employees/,182,326,200,Cross-Training Employees: 9 Practical Tips for Your Organization - AIHR
aihr,https://www.aihr.com/blog/training-needs-analysis/,179,340,200,"Training Needs Analysis: Guide, Examples & Free Templates"
aihr,https://www.aihr.com/blog/hr-compliance/,176,482,200,HR Compliance: A Practical Guide for 2026 - AIHR
aihr,https://www.aihr.com/courses/artificial-intelligence-for-hr-certification/,173,404,200,Artificial Intelligence for HR | Certificate Program | AIHR
aihr,https://www.aihr.com/blog/training-metrics/,169,295,200,13 Employee Training Metrics You Should Know [2026 Edition] - AIHR
aihr,https://www.aihr.com/blog/human-resources-information-system-hris/,161,443,200,HRIS 101: All You Need To Know in 2026 - AIHR
aihr,https://www.aihr.com/blog/benefits-of-ai-in-hr/,157,357,200,9 Key Benefits of AI in HR: How You Can Use AI in Your Role - AIHR
aihr,https://www.aihr.com/courses/talent-management-certificate/,157,304,200,Talent Management and Succession Planning | Certificate Program - AIHR
aihr,https://www.aihr.com/blog/digital-employee-experience/,156,290,200,Digital Employee Experience: A Definitive Guide for 2026 - AIHR
aihr,https://www.aihr.com/blog/ai-and-automation-in-hr/,151,304,200,"AI and Automation in HR: Impact, Adoption and Future Outlook"
aihr,https://www.aihr.com/blog/machine-learning-hr/,151,658,200,A Beginner’s Guide to Machine Learning for HR Practitioners - AIHR
aihr,https://www.aihr.com/blog/types-of-employee-benefits/,150,462,200,Types of Employee Benefits: 17 Benefits HR Should Know - AIHR
aihr,https://www.aihr.com/blog/9-box-grid/,149,458,200,9 Box Grid: How To Use It for Talent Reviews + Free Template - AIHR
aihr,https://www.aihr.com/blog/training-specialist-interview-questions/,147,278,200,36 Training Specialist Interview Questions & Tips To Answer Them - AIHR
aihr,https://www.aihr.com/blog/hr-consultant/,145,280,200,HR Consultant: What You Need To Know To Become One - AIHR
aihr,https://www.aihr.com/courses/,140,275,200,HR Courses [2026 ] | Explore Best Online HR Training Courses | AIHR
aihr,https://www.aihr.com/blog/skills-gap-analysis/,139,271,200,Skills Gap Analysis: All You Need To Know [FREE Templates] - AIHR
aihr,https://www.aihr.com/blog/what-is-hr-analytics/,139,210,200,What is HR Analytics? All You Need to Know to Get Started - AIHR
aihr,https://www.aihr.com/courses/organizational-development-certification/,138,325,200,Organizational Development Certificate Program | OD Training | AIHR
aihr,https://www.aihr.com/blog/generative-ai-in-hr/,137,558,200,Generative AI in HR: Use Cases & How To Select the Right Tools - AIHR
aihr,https://www.aihr.com/human-resources-certifications/,136,259,200,Human Resources Certificate Programs [2026 ] | Online HR Training | AIHR
aihr,https://www.aihr.com/blog/diversity-equity-inclusion-belonging-deib/,135,247,200,"Diversity, Equity, Inclusion and Belonging At Work: A 2026 Guide - AIHR"
aihr,https://www.aihr.com/courses/learning-development-certification/,134,254,200,Learning & Development Certificate Program | AIHR
aihr,https://www.aihr.com/blog/human-resources-functions/,130,282,200,12 Key Functions of Human Resources To Know in 2026 - AIHR
aihr,https://www.aihr.com/blog/resilience-training/,129,257,200,Resilience Training: Empower Employees to Thrive in Change - AIHR
aihr,https://www.aihr.com/blog/ai-in-performance-management/,128,223,200,11 Practical Applications of AI in Performance Management
aihr,https://www.aihr.com/blog/what-is-talent-management/,128,306,200,Talent Management: The Complete Guide - AIHR
aihr,https://www.aihr.com/leading-hr/ai-in-talent-management/,128,233,200,AI in Talent Management: Use and Limitations in HR - AIHR
aihr,https://www.aihr.com/blog/leadership-development/,127,264,200,5 Leadership Development Types For Training Leaders - AIHR
aihr,https://www.aihr.com/blog/training-evaluation/,127,224,200,A Practical Guide to Training Evaluation - AIHR
aihr,https://www.aihr.com/blog/what-is-performance-management/,127,249,200,What Is Performance Management? The Complete Guide - AIHR
aihr,https://www.aihr.com/blog/challenges-of-ai-in-hr/,126,232,200,9 Challenges of AI in HR & How To Address Them - AIHR
aihr,https://www.aihr.com/blog/best-hr-certifications/,125,221,200,9 Best HR Certifications To Elevate Your Career in 2026 - AIHR
aihr,https://www.aihr.com/blog/employee-training-tools/,125,255,200,20 Top Employee Training Tools For Better Workforce Performance - AIHR
aihr,https://www.aihr.com/blog/learning-vs-training/,125,226,200,Learning vs Training: What’s the Difference and Why Should You Know
aihr,https://www.aihr.com/blog/hr-courses-for-beginners/,124,244,200,9 Best HR Courses for Beginners [2026 Edition] - AIHR
aihr,https://www.aihr.com/blog/employee-promotion/,123,227,200,Employee Promotion: Your 7-Step Guide on Types & Promoting - AIHR
aihr,https://www.aihr.com/blog/sensitivity-training-for-employees/,123,216,200,Your Comprehensive Guide to Sensitivity Training for Employees - AIHR
aihr,https://www.aihr.com/blog/training-new-employees/,122,214,200,Training New Employees Effectively: All You Need To Know - AIHR
aihr,https://www.aihr.com/blog/ai-in-recruitment-examples/,121,220,200,Real-World AI in Recruitment Examples You Can Put into Practice - AIHR
aihr,https://www.aihr.com/package-deals/,121,175,200,Full Academy Access - AIHR | Academy to Innovate HR
aihr,https://www.aihr.com/blog/employee-training-materials/,120,219,200,A Guide to Developing Employee Training Materials (+ Examples) - AIHR
aihr,https://www.aihr.com/blog/employee-training/,120,229,200,What Is Employee Training: 2026 Comprehensive Guide - AIHR
aihr,https://www.aihr.com/blog/online-hr-courses/,120,217,200,12 Best Online HR Courses To Take in 2026 - AIHR
aihr,https://www.aihr.com/blog/dei-training/,119,212,200,What Is DEI Training? Your 101 Guide for 2026 - AIHR
aihr,https://www.aihr.com/blog/human-resource-management-courses/,119,228,200,9 Human Resource Management Courses [2026 Edition] - AIHR
aihr,https://www.aihr.com/blog/human-resources-management-certifications/,119,224,200,11 Best Human Resources Management Certifications for 2026 - AIHR
aihr,https://www.aihr.com/ai-for-hr/,118,221,200,AI for HR Launchpad | AIHR | Free AI Resources & Webinars for HR
aihr,https://www.aihr.com/blog/employee-training-plan-template/,118,209,200,[Free] Employee Training Plan Template For Effective Training - AIHR
aihr,https://www.aihr.com/blog/employee-value-proposition-evp/,118,177,200,Employee Value Proposition (EVP): All You Need to Know in 2026 - AIHR
aihr,https://www.aihr.com/recruiter-certification-training/,118,209,301,
aihr,https://www.aihr.com/blog/ai-for-employee-experience/,117,217,200,AI for Employee Experience: All HR Needs To Know - AIHR
aihr,https://www.aihr.com/blog/training-matrix/,116,211,200,What Is a Training Matrix? (Plus 7 Steps To Using One) - AIHR
aihr,https://www.aihr.com/blog/ai-courses-for-hr-professionals/,114,213,200,AI Courses for HR Professionals: Top 11 Recommendations - AIHR
aihr,https://www.aihr.com/blog/hr-skills/,114,189,200,18 HR Skills Every HR Professional Needs [2026 Guide] - AIHR
aihr,https://www.aihr.com/blog/training-evaluation-form/,114,206,200,How To Create and Use a Training Evaluation Form (+ Template) - AIHR
aihr,https://www.aihr.com/blog/hr-training-and-development/,113,206,200,HR Training & Development: 15 Ways To Upskill Your HR Team - AIHR
aihr,https://www.aihr.com/blog/training-needs-assessment-questions/,113,204,200,43 Training Needs Assessment Questions To Ask Employees - AIHR
aihr,https://www.aihr.com/courses/hr-management/,112,203,200,HR Management Course | Online HR Courses | AIHR
aihr,https://www.aihr.com/blog/employee-net-promoter-score-enps/,111,223,200,Employee Net Promoter Score (eNPS): 2026 Ultimate Guide - AIHR
aihr,https://www.aihr.com/blog/training-facilitator/,111,202,200,Training Facilitator - AIHR
aihr,https://www.aihr.com/blog/training-matrix-template/,111,201,200,Free Training Matrix Template: Build & Track Employee Training - AIHR
aihr,https://www.aihr.com/blog/recruiting-strategies/,107,205,200,21 Recruiting Strategies to Attract and Hire Top Talent in 2026 - AIHR
aihr,https://www.aihr.com/blog/talent-acquisition-strategy/,107,211,200,How To Build a Talent Acquisition Strategy [With Examples] - AIHR
aihr,https://www.aihr.com/hr-glossary/employee-induction/,106,113,200,What Is Employee Induction? | HR Glossary - AIHR
aihr,https://www.aihr.com/blog/employee-assistance-program-eap/,103,164,200,What Is an Employee Assistance Program (EAP)? - AIHR
aihr,https://www.aihr.com/blog/hr-analytics-case-studies/,100,255,200,15 HR Analytics Case Studies with Business Impact - AIHR
aihr,https://www.aihr.com/blog/succession-planning/,100,223,200,Succession Planning: All You Need To Know [2026 Edition] - AIHR
aihr,https://www.aihr.com/blog/organizational-development/,99,263,200,What Is Organizational Development? A Complete Guide - AIHR
aihr,https://www.aihr.com/blog/talent-acquisition/,97,201,200,Talent Acquisition: The Ultimate Guide - AIHR
aihr,https://www.aihr.com/blog/leadership-competencies/,96,223,200,18 Key Leadership Competencies for 2026 Success - AIHR
aihr,https://www.aihr.com/blog/human-resource-best-practices/,90,252,200,10 HR Best Practices For Business Success in 2026 - AIHR
aihr,https://www.aihr.com/blog/strategic-workforce-planning/,90,183,200,[Free Templates] Strategic Workforce Planning 101: Framework & Process - AIHR
aihr,https://www.aihr.com/blog/hr-metrics-examples/,88,203,200,19 HR Metrics Examples: Making Data-Driven Decisions in 2026 - AIHR
aihr,https://www.aihr.com/blog/human-resource-basics/,88,174,200,7 Human Resource Management Basics for Every HR Professional
aihr,https://www.aihr.com/blog/absenteeism/,87,173,200,"Absenteeism in the Workplace: Impact, Causes, and Policies"
aihr,https://www.aihr.com/blog/people-analytics/,86,191,200,People Analytics: An Essential Guide for 2026 - AIHR
aihr,https://www.aihr.com/blog/coaching-models/,83,145,200,11 Coaching Models & Styles To Use in the Workplace (in 2026) - AIHR
aihr,https://www.aihr.com/blog/employee-experience-statistics/,81,142,200,23 Key Employee Experience Statistics You Should Know in 2026 - AIHR
aihr,https://www.aihr.com/blog/predictive-analytics-human-resources/,79,137,200,Predictive Analytics in Human Resources - AIHR
aihr,https://www.aihr.com/blog/selection-process-practical-guide/,79,187,200,Selection Process: 7 Steps & Best Practices To Hire Top Talent - AIHR
aihr,https://www.aihr.com/blog/cost-per-hire/,77,121,200,"Cost per Hire: Definition, Formula, and Calculation - AIHR"
aihr,https://www.aihr.com/blog/employee-onboarding/,77,162,200,Employee Onboarding: All You Need To Know [+ FREE Checklists]
aihr,https://www.aihr.com/blog/employee-life-cycle/,76,264,200,Employee Life Cycle: The Ultimate Guide for HR [+Free Flowchart] - AIHR
aihr,https://www.aihr.com/blog/human-resources-key-performance-indicators-hr-kpis/,75,148,200,"HR KPIs: Guide, 20 Examples & Free Template - AIHR"
aihr,https://www.aihr.com/hr-glossary/employee-tenure/,74,140,200,What Is Employee Tenure? [+ Calculator] | AIHR – HR Glossary
aihr,https://www.aihr.com/hr-glossary/intangible-rewards/,74,128,200,What are Intangible Rewards? | HR Glossary - AIHR
aihr,https://www.aihr.com/blog/employee-testimonial-examples/,72,211,200,13 Winning Employee Testimonial Examples To Inspire You - AIHR
aihr,https://www.aihr.com/blog/inclusive-hiring/,72,158,200,12 Inclusive Hiring Practices You Should Implement - AIHR
aihr,https://www.aihr.com/hr-glossary/pro-rata-salary/,71,132,200,What Is a Pro Rata Salary? | HR Glossary - AIHR
aihr,https://www.aihr.com/blog/cultural-fit-assessment/,70,121,200,How to Conduct an Effective Cultural Fit Assessment - AIHR
aihr,https://www.aihr.com/blog/productivity-metrics/,70,134,200,17 Productivity Metrics Examples for Working Effectively - AIHR
aihr,https://www.aihr.com/blog/create-skills-matrix-competency-matrix/,69,131,200,How To Create a Skills Matrix [FREE Excel Template] - AIHR
aihr,https://www.aihr.com/blog/human-resource-strategy/,69,133,200,How To Develop an Effective HR Strategy [2026 Edition] - AIHR
aihr,https://www.aihr.com/blog/hr-business-partner/,67,131,200,HR Business Partner: All You Need To Know About the Role - AIHR
aihr,https://www.aihr.com/blog/managing-underperforming-employees/,67,104,200,15 Actionable Tips for Managing Underperforming Employees - AIHR
aihr,https://www.aihr.com/blog/multigenerational-workforce/,66,140,200,"Multigenerational Workforce: Benefits, Challenges, and 9 Best Practices"
aihr,https://www.aihr.com/blog/time-to-hire/,66,133,200,What is Time to Hire? Everything You Need to Know - AIHR
aihr,https://www.aihr.com/blog/employee-relations/,65,97,200,Employee Relations: Examples + 10 Strategy Tips - AIHR
aihr,https://www.aihr.com/blog/types-of-organizational-culture/,65,111,200,12 Types of Organizational Culture You Should Know - AIHR
aihr,https://www.aihr.com/blog/employee-engagement-strategies/,64,142,200,21 Best Employee Engagement Strategies To Use [In 2026] - AIHR
aihr,https://www.aihr.com/hr-glossary/employment-status/,64,130,200,"Employment Status: Meaning, Types and More - AIHR"
aihr,https://www.aihr.com/blog/artificial-intelligence-talent-acquisition/,63,179,200,30 AI-driven Tools to Optimize Your Talent Acquisition Process
aihr,https://www.aihr.com/blog/talent-pipeline/,63,162,200,How To Build a Robust Talent Pipeline? Your 101 Guide – AIHR
aihr,https://www.aihr.com/hr-glossary/pink-collar-jobs/,63,136,200,What are Pink Collar Jobs? | AIHR - HR Glossary
aihr,https://www.aihr.com/blog/dei-metrics/,62,94,200,12 DEI Metrics Your Organization Should Track - AIHR
aihr,https://www.aihr.com/blog/aging-workforce-challenges/,61,203,200,"Aging workforce challenges: Trends, Statistics and Impact"
aihr,https://www.aihr.com/blog/full-cycle-recruiting/,61,211,200,Full Cycle Recruiting: All You Need To Know - AIHR
aihr,https://www.aihr.com/blog/high-turnover-meaning-rates/,60,100,200,What Does High Turnover Mean? Turnover Rates and Causes
aihr,https://www.aihr.com/blog/hr-automation/,60,159,200,What is HR Automation? A Guide with Practical Examples - AIHR
aihr,https://www.aihr.com/blog/employee-experience-guide/,59,116,200,Employee Experience: A Complete Guide for HR - AIHR
aihr,https://www.aihr.com/blog/employee-retention-rate/,59,112,200,Employee Retention Rate: All You Need to Know - AIHR
aihr,https://www.aihr.com/blog/succession-planning-best-practices/,59,114,200,11 Succession Planning Best Practices to Follow in 2026 - AIHR
aihr,https://www.aihr.com/blog/human-resources-training/,58,229,200,12 Best HR Training Programs for 2026 - AIHR
aihr,https://www.aihr.com/blog/employer-branding-examples/,57,86,200,13 Great Employer Branding Examples To Inspire You in 2026 - AIHR
aihr,https://www.aihr.com/blog/recruitment-roi/,57,110,200,Recruitment ROI Explained Plus How To Calculate It (in 2026) - AIHR
aihr,https://www.aihr.com/hr-glossary/voluntary-termination/,57,116,200,"Voluntary Termination: Meaning, Reasons, & Examples - AIHR"
aihr,https://www.aihr.com/blog/mentorship-programs/,56,127,200,Mentorship Programs: Your 2026 Ultimate Guide - AIHR
aihr,https://www.aihr.com/blog/data-driven-recruitment/,55,120,200,Data-Driven Recruitment: The Benefits and 5 Best Practices - AIHR
aihr,https://www.aihr.com/blog/employer-branding-strategy/,54,82,200,How to Build a Successful Employer Branding Strategy for Your Business
aihr,https://www.aihr.com/hr-glossary/network-organization/,54,64,200,What Is Network Organization? [+ Examples] | HR Glossary - AIHR
aihr,https://www.aihr.com/blog/employee-engagement-metrics/,53,69,200,10 Employee Engagement Metrics to Track at Your Organization - AIHR
aihr,https://www.aihr.com/blog/employee-pulse-surveys/,53,124,200,Your 2026 Guide to Employee Pulse Surveys [Plus Free Template] - AIHR
aihr,https://www.aihr.com/blog/job-enrichment/,53,94,200,Job Enrichment: A Practical Guide + 13 Examples | AIHR
aihr,https://www.aihr.com/blog/hr-technology-trends/,52,157,200,13 HR Technology Trends To Watch in 2026 - AIHR
aihr,https://www.aihr.com/blog/performance-appraisal/,52,127,200,Performance Appraisal: The Ultimate Guide - AIHR
aihr,https://www.aihr.com/blog/employee-engagement-survey-analysis/,51,103,200,A Complete Guide to Employee Engagement Survey Analysis - AIHR
aihr,https://www.aihr.com/blog/hr-digital-transformation/,51,178,200,HR Digital Transformation: An HR Leader's Guide - AIHR
aihr,https://www.aihr.com/blog/job-evaluation/,51,86,200,Job Evaluation: Your 2026 Guide [+ Free Template] - AIHR
aihr,https://www.aihr.com/blog/organizational-design/,51,716,200,Organizational Design: A Complete Guide - AIHR
aihr,https://www.aihr.com/blog/14-hr-metrics-examples/,50,130,301,
aihr,https://www.aihr.com/blog/how-to-calculate-employee-turnover-rate/,50,90,200,How To Calculate Employee Turnover Rate [FREE Template] - AIHR
aihr,https://www.aihr.com/blog/job-characteristics-model/,50,82,200,Job Characteristics Model: A Practical Guide - AIHR
aihr,https://www.aihr.com/blog/performance-improvement-plan-template/,50,130,200,Performance Improvement Plan Template & Guide [Free Download] - AIHR
aihr,https://www.aihr.com/blog/types-of-compensation/,50,83,200,Types of Compensation: Everything HR Needs to Know - AIHR
aihr,https://www.aihr.com/hr-glossary/centralized-management/,50,52,200,What Is Centralized Management? | HR Glossary - AIHR
aihr,https://www.aihr.com/hr-glossary/departmentalization/,50,57,200,What is Departmentalization? | HR Glossary - AIHR
aihr,https://www.aihr.com/blog/talent-development/,49,68,200,Talent Development 101: Strategy & Examples for Your Business - AIHR
aihr,https://www.aihr.com/blog/ai-in-recruitment/,48,148,200,AI in Recruitment: Managing the Risks for Successful Adoption - AIHR
aihr,https://www.aihr.com/blog/new-employee-orientation/,48,165,200,New Employee Orientation: Best Practices & a Free Checklist - AIHR
aihr,https://www.aihr.com/blog/skill-will-matrix/,48,105,200,"Skill Will Matrix Explained: 4 Quadrants, Examples + Free Template - AIHR"
aihr,https://www.aihr.com/blog/total-rewards-strategy/,48,63,200,What is a Total Rewards Strategy? A Practical Guide - AIHR
aihr,https://www.aihr.com/courses/people-analytics-certificate/,48,140,200,People Analytics | Certificate Program | AIHR | Online HR Course
aihr,https://www.aihr.com/blog/organizational-citizenship-behavior/,47,112,200,Organizational Citizenship Behavior: Benefits and Best Practices
aihr,https://www.aihr.com/blog/performance-management-strategies/,47,72,200,13 Performance Management Strategies To Implement (In 2026) - AIHR
aihr,https://www.aihr.com/blog/absenteeism-rate/,46,84,200,Absenteeism Rate Explained | Formula & Meaning of Absence Rate - AIHR
aihr,https://www.aihr.com/blog/compensation-analysis/,46,68,200,A Guide to Compensation Analysis - AIHR
aihr,https://www.aihr.com/blog/leadership-development-plan/,46,108,200,8 Steps to Create a Leadership Development Plan [Free Template] - AIHR
aihr,https://www.aihr.com/blog/employee-misconduct/,45,58,200,"Employee Misconduct: Types, Examples & How to Handle - AIHR"
aihr,https://www.aihr.com/blog/hiring-manager/,45,98,200,Hiring Manager: All You Need To Know - AIHR
aihr,https://www.aihr.com/blog/non-monetary-incentives/,45,57,200,11 Top Non-Monetary Incentives to Reward Your Employees - AIHR
aihr,https://www.aihr.com/blog/reskilling/,44,58,200,Reskilling Your Workforce for the Future: An HR's Guide - AIHR
aihr,https://www.aihr.com/blog/job-dissatisfaction/,43,77,200,Job Dissatisfaction: A How-To-Prevent-It Guide for HR - AIHR
aihr,https://www.aihr.com/blog/offboarding-checklist/,43,59,200,Offboarding Employees: A 9-Step Process [Free Checklist]
aihr,https://www.aihr.com/blog/cultural-transformation/,42,63,200,Cultural Transformation: The Complete 2026 Guide for HR Leaders - AIHR
aihr,https://www.aihr.com/blog/dei-initiatives/,42,63,200,13 Tried-and-Tested DEI Initiatives To Implement [In 2026] - AIHR
aihr,https://www.aihr.com/blog/hr-dashboard/,42,76,200,"HR Dashboard: 5 Examples, Metrics and a How-To - AIHR"
aihr,https://www.aihr.com/blog/human-resources-models/,42,75,200,10 HR Models Every HR Practitioner Should Know in 2026 - AIHR
aihr,https://www.aihr.com/blog/stay-interview-questions/,42,86,200,30 Stay Interview Questions To Ask Employees [+ Template] - AIHR
aihr,https://www.aihr.com/blog/strategic-human-resource-management/,42,59,200,Strategic Human Resource Management 101: Your Essential Guide
aihr,https://www.aihr.com/blog/upskilling/,42,59,200,Upskilling: A Full Guide (incl. 7 ways to upskill your workforce)
aihr,https://www.aihr.com/blog/which-course-is-best-for-hr-management/,42,174,200,Which Course Is Best for Human Resource Management? 9 Options - AIHR
aihr,https://www.aihr.com/hr-glossary/time-to-productivity/,42,62,200,Time To Productivity: Definition & How to Calculate | HR Glossary
aihr,https://www.aihr.com/blog/internal-vs-external-recruitment/,41,92,200,"Internal vs. External Recruitment: Benefits, Costs & Best Practices"
aihr,https://www.aihr.com/blog/job-abandonment/,41,56,200,Job Abandonment: Definition and How To Prevent It [Practical Guide] - AIHR
aihr,https://www.aihr.com/course-overview/learning-and-development-courses/,41,172,200,Learning and Development Training Courses | Online HR Courses - AIHR
aihr,https://www.aihr.com/blog/digital-hr/,40,69,200,Digital HR: The Ultimate Guide [2026 Edition] - AIHR
aihr,https://www.aihr.com/blog/graphic-rating-scale/,40,53,200,"Graphic Rating Scale: Pros, Cons, Examples, and Best Practices - AIHR"
aihr,https://www.aihr.com/blog/organizational-effectiveness/,40,77,200,A Practitioner’s Guide to Organizational Effectiveness - AIHR
aihr,https://www.aihr.com/blog/professional-development-plan-template/,40,72,200,Professional Development Plan Template and Guide [2026 Edition] - AIHR
aihr,https://www.aihr.com/blog/recruitment-basics/,40,105,200,Recruitment Basics: Your 101 Guide in 2026 - AIHR
aihr,https://www.aihr.com/blog/passive-candidates/,39,85,200,Passive Candidate Recruitment: How To Succeed in 2026 - AIHR
aihr,https://www.aihr.com/blog/predictive-analytics-in-recruitment/,39,71,200,Predictive Analytics in Recruitment: How To Use It To Strengthen Your Hiring Process - AIHR
aihr,https://www.aihr.com/blog/raci-template/,39,99,200,RACI Template [FREE Download] & RACI Matrix Guide - AIHR
aihr,https://www.aihr.com/blog/skills-inventory/,39,269,200,How to Create and Manage a Skills Inventory at Your Organization
aihr,https://www.aihr.com/blog/employer-branding-metrics/,38,71,200,17 Employer Branding Metrics HR Should Track [2026 Edition] - AIHR
aihr,https://www.aihr.com/blog/hr-generalist/,38,201,200,HR Generalist: What They Do and How To Become One - AIHR
aihr,https://www.aihr.com/blog/job-rotation/,38,77,200,Job Rotation: A Full Guide with 5 Examples - AIHR
aihr,https://www.aihr.com/blog/employee-satisfaction-metrics/,37,65,200,5 Useful Employee Satisfaction Metrics to Track - AIHR
aihr,https://www.aihr.com/blog/hr-competencies/,37,926,200,HR Competencies for 2030: What HR Needs To Create Impact - AIHR
aihr,https://www.aihr.com/blog/job-classification/,37,42,200,Job Classification: A Practitioner’s Guide - AIHR
aihr,https://www.aihr.com/blog/people-operations/,37,52,200,People Operations: 9 Key Responsibilities - AIHR
aihr,https://www.aihr.com/blog/workforce-analytics-trends/,37,48,200,10 Workforce Analytics Trends Shaping HR in 2026 - AIHR
aihr,https://www.aihr.com/blog/big-data-business-intelligence-hr-analytics-related/,36,79,200,"Big data, business intelligence, and HR analytics: How are they related?"
aihr,https://www.aihr.com/blog/gamification-in-the-workplace/,36,49,200,"Gamification in the Workplace: Stats, Engagement, and Examples (Survey)"
aihr,https://www.aihr.com/blog/guide-hr-digital-transformation-hr-transformation/,36,92,301,
aihr,https://www.aihr.com/blog/hr-analytics-tools/,36,65,200,Top 10 HR Analytics Tools You Should Consider: An Overview - AIHR
aihr,https://www.aihr.com/blog/quality-of-hire/,36,51,200,How to Measure Quality of Hire to Drive Business Results - AIHR
aihr,https://www.aihr.com/blog/rehire-former-employee/,36,41,200,Want to Rehire a Former Employee? Best Practices and a Policy Example
aihr,https://www.aihr.com/blog/30-60-90-day-plan-template/,35,112,200,30-60-90 Day Plan Template & Guide [FREE Download] - AIHR
aihr,https://www.aihr.com/blog/disciplinary-action/,35,70,200,Disciplinary Action at Work: An HR’s Guide [+ FREE Form] - AIHR
aihr,https://www.aihr.com/blog/employee-retention-strategies/,35,53,200,10+ Top Employee Retention Strategies for 2026 - AIHR
aihr,https://www.aihr.com/blog/hr-competency-research-statistics/,35,46,200,The Current State of HR Competencies | AIHR Research
aihr,https://www.aihr.com/blog/performance-coaching/,35,71,200,Performance Coaching: Examples & 10 Steps for Success - AIHR
aihr,https://www.aihr.com/blog/sabbatical-leave/,35,55,200,Employee Sabbatical Leave: Everything You Need to Know - AIHR
aihr,https://www.aihr.com/blog/talent-acquisition-vs-recruitment/,35,136,200,Talent Acquisition vs. Recruitment: The Differences - AIHR
aihr,https://www.aihr.com/blog/how-to-measure-company-culture/,34,102,200,How To Measure Company Culture: 7 Methods + Guide - AIHR
aihr,https://www.aihr.com/blog/hr-risk-management/,34,52,200,HR Risk Management: An HR Leader's Guide - AIHR
aihr,https://www.aihr.com/blog/human-resources-roles/,34,51,200,21 HR Roles in an Organization: A 2026 Overview - AIHR
aihr,https://www.aihr.com/blog/top-pre-employment-assessment-tools/,34,138,200,Top 40+ Pre-Employment Assessment Tools - AIHR
aihr,https://www.aihr.com/blog/grpi-model/,33,50,200,The GRPI Model of Team Effectiveness: A Practical HR Guide - AIHR
aihr,https://www.aihr.com/blog/hr-career-path/,33,54,200,HR Career Path: Everything You Need to Know - AIHR
aihr,https://www.aihr.com/blog/job-design/,33,68,200,Job Design: A Practitioner’s Guide [2026 Edition] - AIHR
aihr,https://www.aihr.com/blog/recruitment-funnel/,33,46,200,The Recruitment Funnel: A Comprehensive Guide - AIHR
aihr,https://www.aihr.com/blog/sourcing-strategies/,33,62,200,21 Creative Sourcing Strategies To Find and Attract Top Talent - AIHR
aihr,https://www.aihr.com/blog/behaviorally-anchored-rating-scale/,32,49,200,Behaviorally Anchored Rating Scale: Examples + Guide
aihr,https://www.aihr.com/blog/best-employee-wellness-programs-examples/,32,83,200,11 Best Employee Wellness Programs Examples - AIHR
aihr,https://www.aihr.com/blog/compensation-package/,32,57,200,How To Develop a Compensation Package (Plus Free Templates) - AIHR
aihr,https://www.aihr.com/blog/hr-to-employee-ratio/,32,37,200,The Ideal HR to Employee Ratio: What It Is and How To Calculate It - AIHR
aihr,https://www.aihr.com/blog/internal-mobility/,32,42,200,Internal Mobility: An HR Professional's Guide - AIHR
aihr,https://www.aihr.com/blog/job-enlargement/,32,53,200,What Is Job Enlargement? [A Guide + 3 Examples] - AIHR
aihr,https://www.aihr.com/blog/training-roi/,32,57,200,3 Ways to Measure Training ROI + Useful Tips - AIHR
aihr,https://www.aihr.com/blog/ai-skills-for-hr-resume/,31,120,200,12 Types of AI Skills for Your HR Résumé: What To Include & Why - AIHR
aihr,https://www.aihr.com/blog/cultural-fit-interview-questions/,31,46,200,25 Cultural Fit Interview Questions Plus Sample Answers To Expect - AIHR
aihr,https://www.aihr.com/blog/culture-of-feedback/,31,37,200,Culture of Feedback: How To Create It in the Workplace - AIHR
aihr,https://www.aihr.com/blog/employee-attrition/,31,66,200,"Employee Attrition: Meaning, Impact & Attrition Rate Calculation - AIHR"
aihr,https://www.aihr.com/blog/employee-morale-examples/,31,72,200,15 Effective Employee Morale Examples To Boost Morale in 2026 - AIHR
aihr,https://www.aihr.com/blog/how-to-fire-an-employee/,31,61,200,How To Fire an Employee Legally and Professionally in 10 Steps - AIHR
aihr,https://www.aihr.com/blog/hr-chatbots/,31,92,200,How HR Chatbots Can Improve HR Processes [+ 5 Examples] - AIHR
aihr,https://www.aihr.com/blog/organizational-design-models/,31,51,200,10 Organizational Design Models You Should Know - AIHR
aihr,https://www.aihr.com/blog/organizational-values/,31,36,200,What Are Organizational Values? Importance & Examples - AIHR
aihr,https://www.aihr.com/blog/preboarding/,31,63,200,What Is Preboarding? 7 Steps for a Great New Hire Experience - AIHR
